Time;AMF_UE_NGAP_ID;ip_source;procedureCode;EPD;spare;SecHdr;Type;NAS_KSI;5GSRegType;5GSID;UESecCap;PayloadContainerType;PayloadContainer;RES;Seqn;EPD_2;spare_2;SecHdr_2;NASSecAlgo;EPD_3;spare_3;SecHdr_3;Type_2;5GMMCause;Label
0.04001;-1;20.0.2.10;15;126;0;0;65;7;1;1;2;1;-1;-1;-1;-1;-1;-1;-1;-1;-1;-1;-1;-1;valid
0.041823;549755813888;20.0.20.10;4;126;0;0;86;0;-1;-1;-1;-1;-1;-1;-1;-1;-1;-1;-1;-1;-1;-1;-1;-1;valid
0.041987;549755813888;20.0.2.10;46;126;0;0;87;-1;-1;-1;-1;-1;-1;16;-1;-1;-1;-1;-1;-1;-1;-1;-1;-1;valid
0.042866;549755813888;20.0.20.10;4;126;0;3;93;0;-1;-1;2;-1;-1;-1;0;126;0;0;1;-1;-1;-1;-1;-1;valid
0.04332;549755813888;20.0.2.10;46;126;0;4;94;7;1;1;2;1;-1;-1;0;126;0;0;-1;126;0;0;65;-1;valid
0.043333;549755813888;20.0.2.10;46;126;0;4;94;7;1;1;2;1;-1;-1;0;126;0;0;-1;126;0;0;65;-1;invalid
0.087683;549755813888;20.0.20.10;14;126;0;2;66;-1;-1;2;-1;-1;-1;-1;1;126;0;0;-1;-1;-1;-1;-1;-1;valid
0.08797;549755813888;20.0.2.10;46;126;0;2;67;-1;-1;-1;-1;-1;-1;-1;1;126;0;0;-1;-1;-1;-1;-1;-1;valid
0.088085;549755813888;20.0.2.10;46;126;0;2;103;-1;-1;-1;-1;1;8;-1;2;126;0;0;-1;46;-1;-1;-1;-1;valid
32.168309;549755813888;20.0.2.10;46;126;0;2;69;0;-1;2;-1;-1;-1;-1;3;126;0;0;-1;-1;-1;-1;-1;-1;valid
0.039471;-1;10.63.112.69;15;126;0;0;65;7;1;1;2;1;-1;-1;-1;-1;-1;-1;-1;-1;-1;-1;-1;-1;valid
0.044164;459;10.63.112.77;4;126;0;0;86;1;-1;-1;-1;-1;-1;-1;-1;-1;-1;-1;-1;-1;-1;-1;-1;-1;valid
0.044523;459;10.63.112.69;46;126;0;0;87;-1;-1;-1;-1;-1;-1;16;-1;-1;-1;-1;-1;-1;-1;-1;-1;-1;valid
0.047182;459;10.63.112.77;4;126;0;3;93;1;-1;-1;2;-1;-1;-1;0;126;0;0;2;-1;-1;-1;-1;-1;valid
0.047798;459;10.63.112.69;46;126;0;4;94;7;1;1;2;1;-1;-1;0;126;0;0;-1;126;0;0;65;-1;valid
0.047821;459;10.63.112.69;46;126;0;4;94;7;1;1;2;1;-1;-1;0;126;0;0;-1;126;0;0;65;-1;invalid
0.055688;459;10.63.112.77;14;126;0;2;66;-1;-1;2;-1;-1;-1;-1;1;126;0;0;-1;-1;-1;-1;-1;-1;valid
0.056024;459;10.63.112.69;46;126;0;2;67;-1;-1;-1;-1;-1;-1;-1;1;126;0;0;-1;-1;-1;-1;-1;-1;valid
0.056249;459;10.63.112.69;46;126;0;2;103;-1;-1;-1;-1;1;8;-1;2;126;0;0;-1;46;-1;-1;-1;-1;valid
0.05637;459;10.63.112.77;4;126;0;2;84;-1;-1;-1;-1;-1;-1;-1;2;126;0;0;-1;-1;-1;-1;-1;-1;valid
0.056523;459;10.63.112.77;4;126;0;2;100;-1;-1;-1;-1;-1;-1;-1;3;126;0;0;-1;-1;-1;-1;-1;91;valid
90.140559;459;10.63.112.69;46;126;0;2;69;1;-1;2;-1;-1;-1;-1;3;126;0;0;-1;-1;-1;-1;-1;-1;valid
1.789354;-1;20.0.2.10;15;126;0;0;65;7;1;1;2;1;-1;-1;-1;-1;-1;-1;-1;-1;-1;-1;-1;-1;valid
1.799491;0;20.0.20.10;4;126;0;0;86;0;-1;-1;-1;-1;-1;-1;-1;-1;-1;-1;-1;-1;-1;-1;-1;-1;valid
1.799763;0;20.0.2.10;46;126;0;0;87;-1;-1;-1;-1;-1;-1;16;-1;-1;-1;-1;-1;-1;-1;-1;-1;-1;valid
1.802804;0;20.0.20.10;4;126;0;3;93;0;-1;-1;2;-1;-1;-1;0;126;0;0;0;-1;-1;-1;-1;-1;valid
1.803024;0;20.0.2.10;46;126;0;4;94;7;1;1;2;1;-1;-1;0;126;0;0;-1;126;0;0;65;-1;valid
1.852927;0;20.0.20.10;14;126;0;2;66;-1;-1;2;-1;-1;-1;-1;1;126;0;0;-1;-1;-1;-1;-1;-1;valid
1.853258;0;20.0.2.10;46;126;0;2;67;-1;-1;-1;-1;-1;-1;-1;1;126;0;0;-1;-1;-1;-1;-1;-1;valid
1.853461;0;20.0.2.10;46;126;0;2;103;-1;-1;-1;-1;1;8;-1;2;126;0;0;-1;46;-1;-1;-1;-1;valid
1.968751;-1;20.0.2.10;15;126;0;0;65;7;1;1;2;1;-1;-1;-1;-1;-1;-1;-1;-1;-1;-1;-1;-1;valid
1.982275;1;20.0.20.10;4;126;0;0;86;0;-1;-1;-1;-1;-1;-1;-1;-1;-1;-1;-1;-1;-1;-1;-1;-1;valid
1.982443;1;20.0.2.10;46;126;0;0;87;-1;-1;-1;-1;-1;-1;16;-1;-1;-1;-1;-1;-1;-1;-1;-1;-1;valid
1.983962;1;20.0.20.10;4;126;0;3;93;0;-1;-1;2;-1;-1;-1;0;126;0;0;0;-1;-1;-1;-1;-1;valid
1.984134;1;20.0.2.10;46;126;0;4;94;7;1;1;2;1;-1;-1;0;126;0;0;-1;126;0;0;65;-1;valid
2.006242;1;20.0.20.10;14;126;0;2;66;-1;-1;2;-1;-1;-1;-1;1;126;0;0;-1;-1;-1;-1;-1;-1;valid
2.006519;1;20.0.2.10;46;126;0;2;67;-1;-1;-1;-1;-1;-1;-1;1;126;0;0;-1;-1;-1;-1;-1;-1;valid
2.00666;1;20.0.2.10;46;126;0;2;103;-1;-1;-1;-1;1;8;-1;2;126;0;0;-1;46;-1;-1;-1;-1;valid
2.168737;-1;20.0.2.10;15;126;0;0;65;7;1;1;2;1;-1;-1;-1;-1;-1;-1;-1;-1;-1;-1;-1;-1;valid
2.172934;2;20.0.20.10;4;126;0;0;86;0;-1;-1;-1;-1;-1;-1;-1;-1;-1;-1;-1;-1;-1;-1;-1;-1;valid
2.173152;2;20.0.2.10;46;126;0;0;87;-1;-1;-1;-1;-1;-1;16;-1;-1;-1;-1;-1;-1;-1;-1;-1;-1;valid
2.17496;2;20.0.20.10;4;126;0;3;93;0;-1;-1;2;-1;-1;-1;0;126;0;0;0;-1;-1;-1;-1;-1;valid
2.17513;2;20.0.2.10;46;126;0;4;94;7;1;1;2;1;-1;-1;0;126;0;0;-1;126;0;0;65;-1;valid
2.182265;2;20.0.20.10;14;126;0;2;66;-1;-1;2;-1;-1;-1;-1;1;126;0;0;-1;-1;-1;-1;-1;-1;valid
2.18254;2;20.0.2.10;46;126;0;2;67;-1;-1;-1;-1;-1;-1;-1;1;126;0;0;-1;-1;-1;-1;-1;-1;valid
2.182685;2;20.0.2.10;46;126;0;2;103;-1;-1;-1;-1;1;8;-1;2;126;0;0;-1;46;-1;-1;-1;-1;valid
2.36876;-1;20.0.2.10;15;126;0;0;65;7;1;1;2;1;-1;-1;-1;-1;-1;-1;-1;-1;-1;-1;-1;-1;valid
2.383631;3;20.0.20.10;4;126;0;0;86;0;-1;-1;-1;-1;-1;-1;-1;-1;-1;-1;-1;-1;-1;-1;-1;-1;valid
2.383804;3;20.0.2.10;46;126;0;0;87;-1;-1;-1;-1;-1;-1;16;-1;-1;-1;-1;-1;-1;-1;-1;-1;-1;valid
2.385251;3;20.0.20.10;4;126;0;3;93;0;-1;-1;2;-1;-1;-1;0;126;0;0;0;-1;-1;-1;-1;-1;valid
2.385427;3;20.0.2.10;46;126;0;4;94;7;1;1;2;1;-1;-1;0;126;0;0;-1;126;0;0;65;-1;valid
2.392086;3;20.0.20.10;14;126;0;2;66;-1;-1;2;-1;-1;-1;-1;1;126;0;0;-1;-1;-1;-1;-1;-1;valid
2.392367;3;20.0.2.10;46;126;0;2;67;-1;-1;-1;-1;-1;-1;-1;1;126;0;0;-1;-1;-1;-1;-1;-1;valid
2.39246;3;20.0.2.10;46;126;0;2;103;-1;-1;-1;-1;1;8;-1;2;126;0;0;-1;46;-1;-1;-1;-1;valid
2.568837;-1;20.0.2.10;15;126;0;0;65;7;1;1;2;1;-1;-1;-1;-1;-1;-1;-1;-1;-1;-1;-1;-1;valid
2.570688;4;20.0.20.10;4;126;0;0;86;0;-1;-1;-1;-1;-1;-1;-1;-1;-1;-1;-1;-1;-1;-1;-1;-1;valid
2.570855;4;20.0.2.10;46;126;0;0;87;-1;-1;-1;-1;-1;-1;16;-1;-1;-1;-1;-1;-1;-1;-1;-1;-1;valid
2.572213;4;20.0.20.10;4;126;0;3;93;0;-1;-1;2;-1;-1;-1;0;126;0;0;0;-1;-1;-1;-1;-1;valid
2.572387;4;20.0.2.10;46;126;0;4;94;7;1;1;2;1;-1;-1;0;126;0;0;-1;126;0;0;65;-1;valid
2.577395;4;20.0.20.10;14;126;0;2;66;-1;-1;2;-1;-1;-1;-1;1;126;0;0;-1;-1;-1;-1;-1;-1;valid
2.577712;4;20.0.2.10;46;126;0;2;67;-1;-1;-1;-1;-1;-1;-1;1;126;0;0;-1;-1;-1;-1;-1;-1;valid
2.577803;4;20.0.2.10;46;126;0;2;103;-1;-1;-1;-1;1;8;-1;2;126;0;0;-1;46;-1;-1;-1;-1;valid
2.76964;-1;20.0.2.10;15;126;0;0;65;7;1;1;2;1;-1;-1;-1;-1;-1;-1;-1;-1;-1;-1;-1;-1;valid
2.78733;5;20.0.20.10;4;126;0;0;86;0;-1;-1;-1;-1;-1;-1;-1;-1;-1;-1;-1;-1;-1;-1;-1;-1;valid
2.787544;5;20.0.2.10;46;126;0;0;87;-1;-1;-1;-1;-1;-1;16;-1;-1;-1;-1;-1;-1;-1;-1;-1;-1;valid
2.789132;5;20.0.20.10;4;126;0;3;93;0;-1;-1;2;-1;-1;-1;0;126;0;0;0;-1;-1;-1;-1;-1;valid
2.789333;5;20.0.2.10;46;126;0;4;94;7;1;1;2;1;-1;-1;0;126;0;0;-1;126;0;0;65;-1;valid
2.806344;5;20.0.20.10;14;126;0;2;66;-1;-1;2;-1;-1;-1;-1;1;126;0;0;-1;-1;-1;-1;-1;-1;valid
2.806679;5;20.0.2.10;46;126;0;2;67;-1;-1;-1;-1;-1;-1;-1;1;126;0;0;-1;-1;-1;-1;-1;-1;valid
2.806782;5;20.0.2.10;46;126;0;2;103;-1;-1;-1;-1;1;8;-1;2;126;0;0;-1;46;-1;-1;-1;-1;valid
2.968748;-1;20.0.2.10;15;126;0;0;65;7;1;1;2;1;-1;-1;-1;-1;-1;-1;-1;-1;-1;-1;-1;-1;valid
2.978543;6;20.0.20.10;4;126;0;0;86;0;-1;-1;-1;-1;-1;-1;-1;-1;-1;-1;-1;-1;-1;-1;-1;-1;valid
2.978746;6;20.0.2.10;46;126;0;0;87;-1;-1;-1;-1;-1;-1;16;-1;-1;-1;-1;-1;-1;-1;-1;-1;-1;valid
2.980315;6;20.0.20.10;4;126;0;3;93;0;-1;-1;2;-1;-1;-1;0;126;0;0;0;-1;-1;-1;-1;-1;valid
2.980491;6;20.0.2.10;46;126;0;4;94;7;1;1;2;1;-1;-1;0;126;0;0;-1;126;0;0;65;-1;valid
2.988697;6;20.0.20.10;14;126;0;2;66;-1;-1;2;-1;-1;-1;-1;1;126;0;0;-1;-1;-1;-1;-1;-1;valid
2.988975;6;20.0.2.10;46;126;0;2;67;-1;-1;-1;-1;-1;-1;-1;1;126;0;0;-1;-1;-1;-1;-1;-1;valid
2.989067;6;20.0.2.10;46;126;0;2;103;-1;-1;-1;-1;1;8;-1;2;126;0;0;-1;46;-1;-1;-1;-1;valid
3.168769;-1;20.0.2.10;15;126;0;0;65;7;1;1;2;1;-1;-1;-1;-1;-1;-1;-1;-1;-1;-1;-1;-1;valid
3.189859;7;20.0.20.10;4;126;0;0;86;0;-1;-1;-1;-1;-1;-1;-1;-1;-1;-1;-1;-1;-1;-1;-1;-1;valid
3.190036;7;20.0.2.10;46;126;0;0;87;-1;-1;-1;-1;-1;-1;16;-1;-1;-1;-1;-1;-1;-1;-1;-1;-1;valid
3.191602;7;20.0.20.10;4;126;0;3;93;0;-1;-1;2;-1;-1;-1;0;126;0;0;0;-1;-1;-1;-1;-1;valid
3.191782;7;20.0.2.10;46;126;0;4;94;7;1;1;2;1;-1;-1;0;126;0;0;-1;126;0;0;65;-1;valid
3.216178;7;20.0.20.10;14;126;0;2;66;-1;-1;2;-1;-1;-1;-1;1;126;0;0;-1;-1;-1;-1;-1;-1;valid
3.216467;7;20.0.2.10;46;126;0;2;67;-1;-1;-1;-1;-1;-1;-1;1;126;0;0;-1;-1;-1;-1;-1;-1;valid
3.216599;7;20.0.2.10;46;126;0;2;103;-1;-1;-1;-1;1;8;-1;2;126;0;0;-1;46;-1;-1;-1;-1;valid
3.368744;-1;20.0.2.10;15;126;0;0;65;7;1;1;2;1;-1;-1;-1;-1;-1;-1;-1;-1;-1;-1;-1;-1;valid
3.381766;8;20.0.20.10;4;126;0;0;86;0;-1;-1;-1;-1;-1;-1;-1;-1;-1;-1;-1;-1;-1;-1;-1;-1;valid
3.381939;8;20.0.2.10;46;126;0;0;87;-1;-1;-1;-1;-1;-1;16;-1;-1;-1;-1;-1;-1;-1;-1;-1;-1;valid
3.383493;8;20.0.20.10;4;126;0;3;93;0;-1;-1;2;-1;-1;-1;0;126;0;0;0;-1;-1;-1;-1;-1;valid
3.383704;8;20.0.2.10;46;126;0;4;94;7;1;1;2;1;-1;-1;0;126;0;0;-1;126;0;0;65;-1;valid
3.40115;8;20.0.20.10;14;126;0;2;66;-1;-1;2;-1;-1;-1;-1;1;126;0;0;-1;-1;-1;-1;-1;-1;valid
3.401431;8;20.0.2.10;46;126;0;2;67;-1;-1;-1;-1;-1;-1;-1;1;126;0;0;-1;-1;-1;-1;-1;-1;valid
3.401521;8;20.0.2.10;46;126;0;2;103;-1;-1;-1;-1;1;8;-1;2;126;0;0;-1;46;-1;-1;-1;-1;valid
3.56872;-1;20.0.2.10;15;126;0;0;65;7;1;1;2;1;-1;-1;-1;-1;-1;-1;-1;-1;-1;-1;-1;-1;valid
3.573132;9;20.0.20.10;4;126;0;0;86;0;-1;-1;-1;-1;-1;-1;-1;-1;-1;-1;-1;-1;-1;-1;-1;-1;valid
3.573304;9;20.0.2.10;46;126;0;0;87;-1;-1;-1;-1;-1;-1;16;-1;-1;-1;-1;-1;-1;-1;-1;-1;-1;valid
3.574875;9;20.0.20.10;4;126;0;3;93;0;-1;-1;2;-1;-1;-1;0;126;0;0;0;-1;-1;-1;-1;-1;valid
3.57505;9;20.0.2.10;46;126;0;4;94;7;1;1;2;1;-1;-1;0;126;0;0;-1;126;0;0;65;-1;valid
3.593178;9;20.0.20.10;14;126;0;2;66;-1;-1;2;-1;-1;-1;-1;1;126;0;0;-1;-1;-1;-1;-1;-1;valid
3.593456;9;20.0.2.10;46;126;0;2;67;-1;-1;-1;-1;-1;-1;-1;1;126;0;0;-1;-1;-1;-1;-1;-1;valid
3.593545;9;20.0.2.10;46;126;0;2;103;-1;-1;-1;-1;1;8;-1;2;126;0;0;-1;46;-1;-1;-1;-1;valid
3.769537;-1;20.0.2.10;15;126;0;0;65;7;1;1;2;1;-1;-1;-1;-1;-1;-1;-1;-1;-1;-1;-1;-1;valid
3.785346;10;20.0.20.10;4;126;0;0;86;0;-1;-1;-1;-1;-1;-1;-1;-1;-1;-1;-1;-1;-1;-1;-1;-1;valid
3.785512;10;20.0.2.10;46;126;0;0;87;-1;-1;-1;-1;-1;-1;16;-1;-1;-1;-1;-1;-1;-1;-1;-1;-1;valid
3.787102;10;20.0.20.10;4;126;0;3;93;0;-1;-1;2;-1;-1;-1;0;126;0;0;0;-1;-1;-1;-1;-1;valid
3.787276;10;20.0.2.10;46;126;0;4;94;7;1;1;2;1;-1;-1;0;126;0;0;-1;126;0;0;65;-1;valid
3.7948;10;20.0.20.10;14;126;0;2;66;-1;-1;2;-1;-1;-1;-1;1;126;0;0;-1;-1;-1;-1;-1;-1;valid
3.795078;10;20.0.2.10;46;126;0;2;67;-1;-1;-1;-1;-1;-1;-1;1;126;0;0;-1;-1;-1;-1;-1;-1;valid
3.795171;10;20.0.2.10;46;126;0;2;103;-1;-1;-1;-1;1;8;-1;2;126;0;0;-1;46;-1;-1;-1;-1;valid
3.96882;-1;20.0.2.10;15;126;0;0;65;7;1;1;2;1;-1;-1;-1;-1;-1;-1;-1;-1;-1;-1;-1;-1;valid
3.975795;11;20.0.20.10;4;126;0;0;86;0;-1;-1;-1;-1;-1;-1;-1;-1;-1;-1;-1;-1;-1;-1;-1;-1;valid
3.976024;11;20.0.2.10;46;126;0;0;87;-1;-1;-1;-1;-1;-1;16;-1;-1;-1;-1;-1;-1;-1;-1;-1;-1;valid
3.977271;11;20.0.20.10;4;126;0;3;93;0;-1;-1;2;-1;-1;-1;0;126;0;0;0;-1;-1;-1;-1;-1;valid
3.977438;11;20.0.2.10;46;126;0;4;94;7;1;1;2;1;-1;-1;0;126;0;0;-1;126;0;0;65;-1;valid
4.000864;11;20.0.20.10;14;126;0;2;66;-1;-1;2;-1;-1;-1;-1;1;126;0;0;-1;-1;-1;-1;-1;-1;valid
4.001164;11;20.0.2.10;46;126;0;2;67;-1;-1;-1;-1;-1;-1;-1;1;126;0;0;-1;-1;-1;-1;-1;-1;valid
4.001267;11;20.0.2.10;46;126;0;2;103;-1;-1;-1;-1;1;8;-1;2;126;0;0;-1;46;-1;-1;-1;-1;valid
4.168818;-1;20.0.2.10;15;126;0;0;65;7;1;1;2;1;-1;-1;-1;-1;-1;-1;-1;-1;-1;-1;-1;-1;valid
4.170974;12;20.0.20.10;4;126;0;0;86;0;-1;-1;-1;-1;-1;-1;-1;-1;-1;-1;-1;-1;-1;-1;-1;-1;valid
4.171142;12;20.0.2.10;46;126;0;0;87;-1;-1;-1;-1;-1;-1;16;-1;-1;-1;-1;-1;-1;-1;-1;-1;-1;valid
4.172452;12;20.0.20.10;4;126;0;3;93;0;-1;-1;2;-1;-1;-1;0;126;0;0;0;-1;-1;-1;-1;-1;valid
4.172653;12;20.0.2.10;46;126;0;4;94;7;1;1;2;1;-1;-1;0;126;0;0;-1;126;0;0;65;-1;valid
4.177408;12;20.0.20.10;14;126;0;2;66;-1;-1;2;-1;-1;-1;-1;1;126;0;0;-1;-1;-1;-1;-1;-1;valid
4.177725;12;20.0.2.10;46;126;0;2;67;-1;-1;-1;-1;-1;-1;-1;1;126;0;0;-1;-1;-1;-1;-1;-1;valid
4.177826;12;20.0.2.10;46;126;0;2;103;-1;-1;-1;-1;1;8;-1;2;126;0;0;-1;46;-1;-1;-1;-1;valid
4.368944;-1;20.0.2.10;15;126;0;0;65;7;1;1;2;1;-1;-1;-1;-1;-1;-1;-1;-1;-1;-1;-1;-1;valid
4.379678;13;20.0.20.10;4;126;0;0;86;0;-1;-1;-1;-1;-1;-1;-1;-1;-1;-1;-1;-1;-1;-1;-1;-1;valid
4.379968;13;20.0.2.10;46;126;0;0;87;-1;-1;-1;-1;-1;-1;16;-1;-1;-1;-1;-1;-1;-1;-1;-1;-1;valid
4.381307;13;20.0.20.10;4;126;0;3;93;0;-1;-1;2;-1;-1;-1;0;126;0;0;0;-1;-1;-1;-1;-1;valid
4.381489;13;20.0.2.10;46;126;0;4;94;7;1;1;2;1;-1;-1;0;126;0;0;-1;126;0;0;65;-1;valid
4.401049;13;20.0.20.10;14;126;0;2;66;-1;-1;2;-1;-1;-1;-1;1;126;0;0;-1;-1;-1;-1;-1;-1;valid
4.401335;13;20.0.2.10;46;126;0;2;67;-1;-1;-1;-1;-1;-1;-1;1;126;0;0;-1;-1;-1;-1;-1;-1;valid
4.401436;13;20.0.2.10;46;126;0;2;103;-1;-1;-1;-1;1;8;-1;2;126;0;0;-1;46;-1;-1;-1;-1;valid
4.568775;-1;20.0.2.10;15;126;0;0;65;7;1;1;2;1;-1;-1;-1;-1;-1;-1;-1;-1;-1;-1;-1;-1;valid
4.57587;14;20.0.20.10;4;126;0;0;86;0;-1;-1;-1;-1;-1;-1;-1;-1;-1;-1;-1;-1;-1;-1;-1;-1;valid
4.576104;14;20.0.2.10;46;126;0;0;87;-1;-1;-1;-1;-1;-1;16;-1;-1;-1;-1;-1;-1;-1;-1;-1;-1;valid
4.577561;14;20.0.20.10;4;126;0;3;93;0;-1;-1;2;-1;-1;-1;0;126;0;0;0;-1;-1;-1;-1;-1;valid
4.577773;14;20.0.2.10;46;126;0;4;94;7;1;1;2;1;-1;-1;0;126;0;0;-1;126;0;0;65;-1;valid
4.601362;14;20.0.20.10;14;126;0;2;66;-1;-1;2;-1;-1;-1;-1;1;126;0;0;-1;-1;-1;-1;-1;-1;valid
4.60169;14;20.0.2.10;46;126;0;2;67;-1;-1;-1;-1;-1;-1;-1;1;126;0;0;-1;-1;-1;-1;-1;-1;valid
4.601848;14;20.0.2.10;46;126;0;2;103;-1;-1;-1;-1;1;8;-1;2;126;0;0;-1;46;-1;-1;-1;-1;valid
4.768771;-1;20.0.2.10;15;126;0;0;65;7;1;1;2;1;-1;-1;-1;-1;-1;-1;-1;-1;-1;-1;-1;-1;valid
4.784858;15;20.0.20.10;4;126;0;0;86;0;-1;-1;-1;-1;-1;-1;-1;-1;-1;-1;-1;-1;-1;-1;-1;-1;valid
4.785038;15;20.0.2.10;46;126;0;0;87;-1;-1;-1;-1;-1;-1;16;-1;-1;-1;-1;-1;-1;-1;-1;-1;-1;valid
4.786357;15;20.0.20.10;4;126;0;3;93;0;-1;-1;2;-1;-1;-1;0;126;0;0;0;-1;-1;-1;-1;-1;valid
4.786516;15;20.0.2.10;46;126;0;4;94;7;1;1;2;1;-1;-1;0;126;0;0;-1;126;0;0;65;-1;valid
4.80657;15;20.0.20.10;14;126;0;2;66;-1;-1;2;-1;-1;-1;-1;1;126;0;0;-1;-1;-1;-1;-1;-1;valid
4.80706;15;20.0.2.10;46;126;0;2;67;-1;-1;-1;-1;-1;-1;-1;1;126;0;0;-1;-1;-1;-1;-1;-1;valid
4.8072;15;20.0.2.10;46;126;0;2;103;-1;-1;-1;-1;1;8;-1;2;126;0;0;-1;46;-1;-1;-1;-1;valid
4.968822;-1;20.0.2.10;15;126;0;0;65;7;1;1;2;1;-1;-1;-1;-1;-1;-1;-1;-1;-1;-1;-1;-1;valid
4.982094;16;20.0.20.10;4;126;0;0;86;0;-1;-1;-1;-1;-1;-1;-1;-1;-1;-1;-1;-1;-1;-1;-1;-1;valid
4.982269;16;20.0.2.10;46;126;0;0;87;-1;-1;-1;-1;-1;-1;16;-1;-1;-1;-1;-1;-1;-1;-1;-1;-1;valid
4.983914;16;20.0.20.10;4;126;0;3;93;0;-1;-1;2;-1;-1;-1;0;126;0;0;0;-1;-1;-1;-1;-1;valid
4.984093;16;20.0.2.10;46;126;0;4;94;7;1;1;2;1;-1;-1;0;126;0;0;-1;126;0;0;65;-1;valid
5.001835;16;20.0.20.10;14;126;0;2;66;-1;-1;2;-1;-1;-1;-1;1;126;0;0;-1;-1;-1;-1;-1;-1;valid
5.002116;16;20.0.2.10;46;126;0;2;67;-1;-1;-1;-1;-1;-1;-1;1;126;0;0;-1;-1;-1;-1;-1;-1;valid
5.002214;16;20.0.2.10;46;126;0;2;103;-1;-1;-1;-1;1;8;-1;2;126;0;0;-1;46;-1;-1;-1;-1;valid
5.168806;-1;20.0.2.10;15;126;0;0;65;7;1;1;2;1;-1;-1;-1;-1;-1;-1;-1;-1;-1;-1;-1;-1;valid
5.188504;17;20.0.20.10;4;126;0;0;86;0;-1;-1;-1;-1;-1;-1;-1;-1;-1;-1;-1;-1;-1;-1;-1;-1;valid
5.188728;17;20.0.2.10;46;126;0;0;87;-1;-1;-1;-1;-1;-1;16;-1;-1;-1;-1;-1;-1;-1;-1;-1;-1;valid
5.190156;17;20.0.20.10;4;126;0;3;93;0;-1;-1;2;-1;-1;-1;0;126;0;0;0;-1;-1;-1;-1;-1;valid
5.190327;17;20.0.2.10;46;126;0;4;94;7;1;1;2;1;-1;-1;0;126;0;0;-1;126;0;0;65;-1;valid
5.207127;17;20.0.20.10;14;126;0;2;66;-1;-1;2;-1;-1;-1;-1;1;126;0;0;-1;-1;-1;-1;-1;-1;valid
5.207409;17;20.0.2.10;46;126;0;2;67;-1;-1;-1;-1;-1;-1;-1;1;126;0;0;-1;-1;-1;-1;-1;-1;valid
5.207507;17;20.0.2.10;46;126;0;2;103;-1;-1;-1;-1;1;8;-1;2;126;0;0;-1;46;-1;-1;-1;-1;valid
5.368873;-1;20.0.2.10;15;126;0;0;65;7;1;1;2;1;-1;-1;-1;-1;-1;-1;-1;-1;-1;-1;-1;-1;valid
5.37058;18;20.0.20.10;4;126;0;0;86;0;-1;-1;-1;-1;-1;-1;-1;-1;-1;-1;-1;-1;-1;-1;-1;-1;valid
5.37078;18;20.0.2.10;46;126;0;0;87;-1;-1;-1;-1;-1;-1;16;-1;-1;-1;-1;-1;-1;-1;-1;-1;-1;valid
5.371947;18;20.0.20.10;4;126;0;3;93;0;-1;-1;2;-1;-1;-1;0;126;0;0;0;-1;-1;-1;-1;-1;valid
5.372101;18;20.0.2.10;46;126;0;4;94;7;1;1;2;1;-1;-1;0;126;0;0;-1;126;0;0;65;-1;valid
5.389443;18;20.0.20.10;14;126;0;2;66;-1;-1;2;-1;-1;-1;-1;1;126;0;0;-1;-1;-1;-1;-1;-1;valid
5.389782;18;20.0.2.10;46;126;0;2;67;-1;-1;-1;-1;-1;-1;-1;1;126;0;0;-1;-1;-1;-1;-1;-1;valid
5.389875;18;20.0.2.10;46;126;0;2;103;-1;-1;-1;-1;1;8;-1;2;126;0;0;-1;46;-1;-1;-1;-1;valid
5.568798;-1;20.0.2.10;15;126;0;0;65;7;1;1;2;1;-1;-1;-1;-1;-1;-1;-1;-1;-1;-1;-1;-1;valid
5.59045;19;20.0.20.10;4;126;0;0;86;0;-1;-1;-1;-1;-1;-1;-1;-1;-1;-1;-1;-1;-1;-1;-1;-1;valid
5.590658;19;20.0.2.10;46;126;0;0;87;-1;-1;-1;-1;-1;-1;16;-1;-1;-1;-1;-1;-1;-1;-1;-1;-1;valid
5.592013;19;20.0.20.10;4;126;0;3;93;0;-1;-1;2;-1;-1;-1;0;126;0;0;0;-1;-1;-1;-1;-1;valid
5.592188;19;20.0.2.10;46;126;0;4;94;7;1;1;2;1;-1;-1;0;126;0;0;-1;126;0;0;65;-1;valid
5.610691;19;20.0.20.10;14;126;0;2;66;-1;-1;2;-1;-1;-1;-1;1;126;0;0;-1;-1;-1;-1;-1;-1;valid
5.61097;19;20.0.2.10;46;126;0;2;67;-1;-1;-1;-1;-1;-1;-1;1;126;0;0;-1;-1;-1;-1;-1;-1;valid
5.611067;19;20.0.2.10;46;126;0;2;103;-1;-1;-1;-1;1;8;-1;2;126;0;0;-1;46;-1;-1;-1;-1;valid
5.768769;-1;20.0.2.10;15;126;0;0;65;7;1;1;2;1;-1;-1;-1;-1;-1;-1;-1;-1;-1;-1;-1;-1;valid
5.770618;20;20.0.20.10;4;126;0;0;86;0;-1;-1;-1;-1;-1;-1;-1;-1;-1;-1;-1;-1;-1;-1;-1;-1;valid
5.770791;20;20.0.2.10;46;126;0;0;87;-1;-1;-1;-1;-1;-1;16;-1;-1;-1;-1;-1;-1;-1;-1;-1;-1;valid
5.772107;20;20.0.20.10;4;126;0;3;93;0;-1;-1;2;-1;-1;-1;0;126;0;0;0;-1;-1;-1;-1;-1;valid
5.772284;20;20.0.2.10;46;126;0;4;94;7;1;1;2;1;-1;-1;0;126;0;0;-1;126;0;0;65;-1;valid
5.777531;20;20.0.20.10;14;126;0;2;66;-1;-1;2;-1;-1;-1;-1;1;126;0;0;-1;-1;-1;-1;-1;-1;valid
5.777847;20;20.0.2.10;46;126;0;2;67;-1;-1;-1;-1;-1;-1;-1;1;126;0;0;-1;-1;-1;-1;-1;-1;valid
5.777941;20;20.0.2.10;46;126;0;2;103;-1;-1;-1;-1;1;8;-1;2;126;0;0;-1;46;-1;-1;-1;-1;valid
5.96883;-1;20.0.2.10;15;126;0;0;65;7;1;1;2;1;-1;-1;-1;-1;-1;-1;-1;-1;-1;-1;-1;-1;valid
5.973873;21;20.0.20.10;4;126;0;0;86;0;-1;-1;-1;-1;-1;-1;-1;-1;-1;-1;-1;-1;-1;-1;-1;-1;valid
5.974049;21;20.0.2.10;46;126;0;0;87;-1;-1;-1;-1;-1;-1;16;-1;-1;-1;-1;-1;-1;-1;-1;-1;-1;valid
5.975115;21;20.0.20.10;4;126;0;3;93;0;-1;-1;2;-1;-1;-1;0;126;0;0;0;-1;-1;-1;-1;-1;valid
5.975278;21;20.0.2.10;46;126;0;4;94;7;1;1;2;1;-1;-1;0;126;0;0;-1;126;0;0;65;-1;valid
5.995062;21;20.0.20.10;14;126;0;2;66;-1;-1;2;-1;-1;-1;-1;1;126;0;0;-1;-1;-1;-1;-1;-1;valid
5.995339;21;20.0.2.10;46;126;0;2;67;-1;-1;-1;-1;-1;-1;-1;1;126;0;0;-1;-1;-1;-1;-1;-1;valid
5.995435;21;20.0.2.10;46;126;0;2;103;-1;-1;-1;-1;1;8;-1;2;126;0;0;-1;46;-1;-1;-1;-1;valid
6.168744;-1;20.0.2.10;15;126;0;0;65;7;1;1;2;1;-1;-1;-1;-1;-1;-1;-1;-1;-1;-1;-1;-1;valid
6.170534;22;20.0.20.10;4;126;0;0;86;0;-1;-1;-1;-1;-1;-1;-1;-1;-1;-1;-1;-1;-1;-1;-1;-1;valid
6.170728;22;20.0.2.10;46;126;0;0;87;-1;-1;-1;-1;-1;-1;16;-1;-1;-1;-1;-1;-1;-1;-1;-1;-1;valid
6.171722;22;20.0.20.10;4;126;0;3;93;0;-1;-1;2;-1;-1;-1;0;126;0;0;0;-1;-1;-1;-1;-1;valid
6.171911;22;20.0.2.10;46;126;0;4;94;7;1;1;2;1;-1;-1;0;126;0;0;-1;126;0;0;65;-1;valid
6.195465;22;20.0.20.10;14;126;0;2;66;-1;-1;2;-1;-1;-1;-1;1;126;0;0;-1;-1;-1;-1;-1;-1;valid
6.19578;22;20.0.2.10;46;126;0;2;67;-1;-1;-1;-1;-1;-1;-1;1;126;0;0;-1;-1;-1;-1;-1;-1;valid
6.195871;22;20.0.2.10;46;126;0;2;103;-1;-1;-1;-1;1;8;-1;2;126;0;0;-1;46;-1;-1;-1;-1;valid
6.368743;-1;20.0.2.10;15;126;0;0;65;7;1;1;2;1;-1;-1;-1;-1;-1;-1;-1;-1;-1;-1;-1;-1;valid
6.377517;23;20.0.20.10;4;126;0;0;86;0;-1;-1;-1;-1;-1;-1;-1;-1;-1;-1;-1;-1;-1;-1;-1;-1;valid
6.377729;23;20.0.2.10;46;126;0;0;87;-1;-1;-1;-1;-1;-1;16;-1;-1;-1;-1;-1;-1;-1;-1;-1;-1;valid
6.378772;23;20.0.20.10;4;126;0;3;93;0;-1;-1;2;-1;-1;-1;0;126;0;0;0;-1;-1;-1;-1;-1;valid
6.378932;23;20.0.2.10;46;126;0;4;94;7;1;1;2;1;-1;-1;0;126;0;0;-1;126;0;0;65;-1;valid
6.396317;23;20.0.20.10;14;126;0;2;66;-1;-1;2;-1;-1;-1;-1;1;126;0;0;-1;-1;-1;-1;-1;-1;valid
6.396631;23;20.0.2.10;46;126;0;2;67;-1;-1;-1;-1;-1;-1;-1;1;126;0;0;-1;-1;-1;-1;-1;-1;valid
6.396733;23;20.0.2.10;46;126;0;2;103;-1;-1;-1;-1;1;8;-1;2;126;0;0;-1;46;-1;-1;-1;-1;valid
6.568746;-1;20.0.2.10;15;126;0;0;65;7;1;1;2;1;-1;-1;-1;-1;-1;-1;-1;-1;-1;-1;-1;-1;valid
6.57055;24;20.0.20.10;4;126;0;0;86;0;-1;-1;-1;-1;-1;-1;-1;-1;-1;-1;-1;-1;-1;-1;-1;-1;valid
6.570756;24;20.0.2.10;46;126;0;0;87;-1;-1;-1;-1;-1;-1;16;-1;-1;-1;-1;-1;-1;-1;-1;-1;-1;valid
6.572073;24;20.0.20.10;4;126;0;3;93;0;-1;-1;2;-1;-1;-1;0;126;0;0;0;-1;-1;-1;-1;-1;valid
6.572243;24;20.0.2.10;46;126;0;4;94;7;1;1;2;1;-1;-1;0;126;0;0;-1;126;0;0;65;-1;valid
6.576712;24;20.0.20.10;14;126;0;2;66;-1;-1;2;-1;-1;-1;-1;1;126;0;0;-1;-1;-1;-1;-1;-1;valid
6.576985;24;20.0.2.10;46;126;0;2;67;-1;-1;-1;-1;-1;-1;-1;1;126;0;0;-1;-1;-1;-1;-1;-1;valid
6.57708;24;20.0.2.10;46;126;0;2;103;-1;-1;-1;-1;1;8;-1;2;126;0;0;-1;46;-1;-1;-1;-1;valid
6.768738;-1;20.0.2.10;15;126;0;0;65;7;1;1;2;1;-1;-1;-1;-1;-1;-1;-1;-1;-1;-1;-1;-1;valid
6.780991;25;20.0.20.10;4;126;0;0;86;0;-1;-1;-1;-1;-1;-1;-1;-1;-1;-1;-1;-1;-1;-1;-1;-1;valid
6.781159;25;20.0.2.10;46;126;0;0;87;-1;-1;-1;-1;-1;-1;16;-1;-1;-1;-1;-1;-1;-1;-1;-1;-1;valid
6.782181;25;20.0.20.10;4;126;0;3;93;0;-1;-1;2;-1;-1;-1;0;126;0;0;0;-1;-1;-1;-1;-1;valid
6.782339;25;20.0.2.10;46;126;0;4;94;7;1;1;2;1;-1;-1;0;126;0;0;-1;126;0;0;65;-1;valid
6.805088;25;20.0.20.10;14;126;0;2;66;-1;-1;2;-1;-1;-1;-1;1;126;0;0;-1;-1;-1;-1;-1;-1;valid
6.805375;25;20.0.2.10;46;126;0;2;67;-1;-1;-1;-1;-1;-1;-1;1;126;0;0;-1;-1;-1;-1;-1;-1;valid
6.805467;25;20.0.2.10;46;126;0;2;103;-1;-1;-1;-1;1;8;-1;2;126;0;0;-1;46;-1;-1;-1;-1;valid
6.968747;-1;20.0.2.10;15;126;0;0;65;7;1;1;2;1;-1;-1;-1;-1;-1;-1;-1;-1;-1;-1;-1;-1;valid
6.981724;26;20.0.20.10;4;126;0;0;86;0;-1;-1;-1;-1;-1;-1;-1;-1;-1;-1;-1;-1;-1;-1;-1;-1;valid
6.981893;26;20.0.2.10;46;126;0;0;87;-1;-1;-1;-1;-1;-1;16;-1;-1;-1;-1;-1;-1;-1;-1;-1;-1;valid
6.98324;26;20.0.20.10;4;126;0;3;93;0;-1;-1;2;-1;-1;-1;0;126;0;0;0;-1;-1;-1;-1;-1;valid
6.983408;26;20.0.2.10;46;126;0;4;94;7;1;1;2;1;-1;-1;0;126;0;0;-1;126;0;0;65;-1;valid
7.002439;26;20.0.20.10;14;126;0;2;66;-1;-1;2;-1;-1;-1;-1;1;126;0;0;-1;-1;-1;-1;-1;-1;valid
7.002762;26;20.0.2.10;46;126;0;2;67;-1;-1;-1;-1;-1;-1;-1;1;126;0;0;-1;-1;-1;-1;-1;-1;valid
7.002853;26;20.0.2.10;46;126;0;2;103;-1;-1;-1;-1;1;8;-1;2;126;0;0;-1;46;-1;-1;-1;-1;valid
7.168791;-1;20.0.2.10;15;126;0;0;65;7;1;1;2;1;-1;-1;-1;-1;-1;-1;-1;-1;-1;-1;-1;-1;valid
7.183661;27;20.0.20.10;4;126;0;0;86;0;-1;-1;-1;-1;-1;-1;-1;-1;-1;-1;-1;-1;-1;-1;-1;-1;valid
7.183842;27;20.0.2.10;46;126;0;0;87;-1;-1;-1;-1;-1;-1;16;-1;-1;-1;-1;-1;-1;-1;-1;-1;-1;valid
7.184934;27;20.0.20.10;4;126;0;3;93;0;-1;-1;2;-1;-1;-1;0;126;0;0;0;-1;-1;-1;-1;-1;valid
7.185118;27;20.0.2.10;46;126;0;4;94;7;1;1;2;1;-1;-1;0;126;0;0;-1;126;0;0;65;-1;valid
7.200456;27;20.0.20.10;14;126;0;2;66;-1;-1;2;-1;-1;-1;-1;1;126;0;0;-1;-1;-1;-1;-1;-1;valid
7.200773;27;20.0.2.10;46;126;0;2;67;-1;-1;-1;-1;-1;-1;-1;1;126;0;0;-1;-1;-1;-1;-1;-1;valid
7.20087;27;20.0.2.10;46;126;0;2;103;-1;-1;-1;-1;1;8;-1;2;126;0;0;-1;46;-1;-1;-1;-1;valid
7.368826;-1;20.0.2.10;15;126;0;0;65;7;1;1;2;1;-1;-1;-1;-1;-1;-1;-1;-1;-1;-1;-1;-1;valid
7.37079;28;20.0.20.10;4;126;0;0;86;0;-1;-1;-1;-1;-1;-1;-1;-1;-1;-1;-1;-1;-1;-1;-1;-1;valid
7.370956;28;20.0.2.10;46;126;0;0;87;-1;-1;-1;-1;-1;-1;16;-1;-1;-1;-1;-1;-1;-1;-1;-1;-1;valid
7.37199;28;20.0.20.10;4;126;0;3;93;0;-1;-1;2;-1;-1;-1;0;126;0;0;0;-1;-1;-1;-1;-1;valid
7.372147;28;20.0.2.10;46;126;0;4;94;7;1;1;2;1;-1;-1;0;126;0;0;-1;126;0;0;65;-1;valid
7.375999;28;20.0.20.10;14;126;0;2;66;-1;-1;2;-1;-1;-1;-1;1;126;0;0;-1;-1;-1;-1;-1;-1;valid
7.376273;28;20.0.2.10;46;126;0;2;67;-1;-1;-1;-1;-1;-1;-1;1;126;0;0;-1;-1;-1;-1;-1;-1;valid
7.376369;28;20.0.2.10;46;126;0;2;103;-1;-1;-1;-1;1;8;-1;2;126;0;0;-1;46;-1;-1;-1;-1;valid
7.568793;-1;20.0.2.10;15;126;0;0;65;7;1;1;2;1;-1;-1;-1;-1;-1;-1;-1;-1;-1;-1;-1;-1;valid
7.586705;29;20.0.20.10;4;126;0;0;86;0;-1;-1;-1;-1;-1;-1;-1;-1;-1;-1;-1;-1;-1;-1;-1;-1;valid
7.586883;29;20.0.2.10;46;126;0;0;87;-1;-1;-1;-1;-1;-1;16;-1;-1;-1;-1;-1;-1;-1;-1;-1;-1;valid
7.587962;29;20.0.20.10;4;126;0;3;93;0;-1;-1;2;-1;-1;-1;0;126;0;0;0;-1;-1;-1;-1;-1;valid
7.588121;29;20.0.2.10;46;126;0;4;94;7;1;1;2;1;-1;-1;0;126;0;0;-1;126;0;0;65;-1;valid
7.594754;29;20.0.20.10;14;126;0;2;66;-1;-1;2;-1;-1;-1;-1;1;126;0;0;-1;-1;-1;-1;-1;-1;valid
7.595037;29;20.0.2.10;46;126;0;2;67;-1;-1;-1;-1;-1;-1;-1;1;126;0;0;-1;-1;-1;-1;-1;-1;valid
7.595134;29;20.0.2.10;46;126;0;2;103;-1;-1;-1;-1;1;8;-1;2;126;0;0;-1;46;-1;-1;-1;-1;valid
7.768745;-1;20.0.2.10;15;126;0;0;65;7;1;1;2;1;-1;-1;-1;-1;-1;-1;-1;-1;-1;-1;-1;-1;valid
7.79072;30;20.0.20.10;4;126;0;0;86;0;-1;-1;-1;-1;-1;-1;-1;-1;-1;-1;-1;-1;-1;-1;-1;-1;valid
7.790896;30;20.0.2.10;46;126;0;0;87;-1;-1;-1;-1;-1;-1;16;-1;-1;-1;-1;-1;-1;-1;-1;-1;-1;valid
7.792291;30;20.0.20.10;4;126;0;3;93;0;-1;-1;2;-1;-1;-1;0;126;0;0;0;-1;-1;-1;-1;-1;valid
7.792461;30;20.0.2.10;46;126;0;4;94;7;1;1;2;1;-1;-1;0;126;0;0;-1;126;0;0;65;-1;valid
7.808699;30;20.0.20.10;14;126;0;2;66;-1;-1;2;-1;-1;-1;-1;1;126;0;0;-1;-1;-1;-1;-1;-1;valid
7.808984;30;20.0.2.10;46;126;0;2;67;-1;-1;-1;-1;-1;-1;-1;1;126;0;0;-1;-1;-1;-1;-1;-1;valid
7.809083;30;20.0.2.10;46;126;0;2;103;-1;-1;-1;-1;1;8;-1;2;126;0;0;-1;46;-1;-1;-1;-1;valid
7.968817;-1;20.0.2.10;15;126;0;0;65;7;1;1;2;1;-1;-1;-1;-1;-1;-1;-1;-1;-1;-1;-1;-1;valid
7.990507;31;20.0.20.10;4;126;0;0;86;0;-1;-1;-1;-1;-1;-1;-1;-1;-1;-1;-1;-1;-1;-1;-1;-1;valid
7.990732;31;20.0.2.10;46;126;0;0;87;-1;-1;-1;-1;-1;-1;16;-1;-1;-1;-1;-1;-1;-1;-1;-1;-1;valid
7.99231;31;20.0.20.10;4;126;0;3;93;0;-1;-1;2;-1;-1;-1;0;126;0;0;0;-1;-1;-1;-1;-1;valid
7.992486;31;20.0.2.10;46;126;0;4;94;7;1;1;2;1;-1;-1;0;126;0;0;-1;126;0;0;65;-1;valid
8.004956;31;20.0.20.10;14;126;0;2;66;-1;-1;2;-1;-1;-1;-1;1;126;0;0;-1;-1;-1;-1;-1;-1;valid
8.005237;31;20.0.2.10;46;126;0;2;67;-1;-1;-1;-1;-1;-1;-1;1;126;0;0;-1;-1;-1;-1;-1;-1;valid
8.005331;31;20.0.2.10;46;126;0;2;103;-1;-1;-1;-1;1;8;-1;2;126;0;0;-1;46;-1;-1;-1;-1;valid
8.1688;-1;20.0.2.10;15;126;0;0;65;7;1;1;2;1;-1;-1;-1;-1;-1;-1;-1;-1;-1;-1;-1;-1;valid
8.173853;32;20.0.20.10;4;126;0;0;86;0;-1;-1;-1;-1;-1;-1;-1;-1;-1;-1;-1;-1;-1;-1;-1;-1;valid
8.174035;32;20.0.2.10;46;126;0;0;87;-1;-1;-1;-1;-1;-1;16;-1;-1;-1;-1;-1;-1;-1;-1;-1;-1;valid
8.175567;32;20.0.20.10;4;126;0;3;93;0;-1;-1;2;-1;-1;-1;0;126;0;0;0;-1;-1;-1;-1;-1;valid
8.175777;32;20.0.2.10;46;126;0;4;94;7;1;1;2;1;-1;-1;0;126;0;0;-1;126;0;0;65;-1;valid
8.193527;32;20.0.20.10;14;126;0;2;66;-1;-1;2;-1;-1;-1;-1;1;126;0;0;-1;-1;-1;-1;-1;-1;valid
8.193848;32;20.0.2.10;46;126;0;2;67;-1;-1;-1;-1;-1;-1;-1;1;126;0;0;-1;-1;-1;-1;-1;-1;valid
8.193948;32;20.0.2.10;46;126;0;2;103;-1;-1;-1;-1;1;8;-1;2;126;0;0;-1;46;-1;-1;-1;-1;valid
8.369362;-1;20.0.2.10;15;126;0;0;65;7;1;1;2;1;-1;-1;-1;-1;-1;-1;-1;-1;-1;-1;-1;-1;valid
8.377127;33;20.0.20.10;4;126;0;0;86;0;-1;-1;-1;-1;-1;-1;-1;-1;-1;-1;-1;-1;-1;-1;-1;-1;valid
8.378141;33;20.0.2.10;46;126;0;0;87;-1;-1;-1;-1;-1;-1;16;-1;-1;-1;-1;-1;-1;-1;-1;-1;-1;valid
8.384455;33;20.0.20.10;4;126;0;3;93;0;-1;-1;2;-1;-1;-1;0;126;0;0;0;-1;-1;-1;-1;-1;valid
8.385762;33;20.0.2.10;46;126;0;4;94;7;1;1;2;1;-1;-1;0;126;0;0;-1;126;0;0;65;-1;valid
8.40666;33;20.0.20.10;14;126;0;2;66;-1;-1;2;-1;-1;-1;-1;1;126;0;0;-1;-1;-1;-1;-1;-1;valid
8.409037;33;20.0.2.10;46;126;0;2;67;-1;-1;-1;-1;-1;-1;-1;1;126;0;0;-1;-1;-1;-1;-1;-1;valid
8.409774;33;20.0.2.10;46;126;0;2;103;-1;-1;-1;-1;1;8;-1;2;126;0;0;-1;46;-1;-1;-1;-1;valid
8.568768;-1;20.0.2.10;15;126;0;0;65;7;1;1;2;1;-1;-1;-1;-1;-1;-1;-1;-1;-1;-1;-1;-1;valid
8.577401;34;20.0.20.10;4;126;0;0;86;0;-1;-1;-1;-1;-1;-1;-1;-1;-1;-1;-1;-1;-1;-1;-1;-1;valid
8.577589;34;20.0.2.10;46;126;0;0;87;-1;-1;-1;-1;-1;-1;16;-1;-1;-1;-1;-1;-1;-1;-1;-1;-1;valid
8.578706;34;20.0.20.10;4;126;0;3;93;0;-1;-1;2;-1;-1;-1;0;126;0;0;0;-1;-1;-1;-1;-1;valid
8.578832;34;20.0.2.10;46;126;0;4;94;7;1;1;2;1;-1;-1;0;126;0;0;-1;126;0;0;65;-1;valid
8.59676;34;20.0.20.10;14;126;0;2;66;-1;-1;2;-1;-1;-1;-1;1;126;0;0;-1;-1;-1;-1;-1;-1;valid
8.596947;34;20.0.2.10;46;126;0;2;67;-1;-1;-1;-1;-1;-1;-1;1;126;0;0;-1;-1;-1;-1;-1;-1;valid
8.59701;34;20.0.2.10;46;126;0;2;103;-1;-1;-1;-1;1;8;-1;2;126;0;0;-1;46;-1;-1;-1;-1;valid
8.768803;-1;20.0.2.10;15;126;0;0;65;7;1;1;2;1;-1;-1;-1;-1;-1;-1;-1;-1;-1;-1;-1;-1;valid
8.777115;35;20.0.20.10;4;126;0;0;86;0;-1;-1;-1;-1;-1;-1;-1;-1;-1;-1;-1;-1;-1;-1;-1;-1;valid
8.77727;35;20.0.2.10;46;126;0;0;87;-1;-1;-1;-1;-1;-1;16;-1;-1;-1;-1;-1;-1;-1;-1;-1;-1;valid
8.778459;35;20.0.20.10;4;126;0;3;93;0;-1;-1;2;-1;-1;-1;0;126;0;0;0;-1;-1;-1;-1;-1;valid
8.77918;35;20.0.2.10;46;126;0;4;94;7;1;1;2;1;-1;-1;0;126;0;0;-1;126;0;0;65;-1;valid
8.788529;35;20.0.20.10;14;126;0;2;66;-1;-1;2;-1;-1;-1;-1;1;126;0;0;-1;-1;-1;-1;-1;-1;valid
8.788832;35;20.0.2.10;46;126;0;2;67;-1;-1;-1;-1;-1;-1;-1;1;126;0;0;-1;-1;-1;-1;-1;-1;valid
8.788922;35;20.0.2.10;46;126;0;2;103;-1;-1;-1;-1;1;8;-1;2;126;0;0;-1;46;-1;-1;-1;-1;valid
8.968836;-1;20.0.2.10;15;126;0;0;65;7;1;1;2;1;-1;-1;-1;-1;-1;-1;-1;-1;-1;-1;-1;-1;valid
8.981094;36;20.0.20.10;4;126;0;0;86;0;-1;-1;-1;-1;-1;-1;-1;-1;-1;-1;-1;-1;-1;-1;-1;-1;valid
8.981268;36;20.0.2.10;46;126;0;0;87;-1;-1;-1;-1;-1;-1;16;-1;-1;-1;-1;-1;-1;-1;-1;-1;-1;valid
8.982785;36;20.0.20.10;4;126;0;3;93;0;-1;-1;2;-1;-1;-1;0;126;0;0;0;-1;-1;-1;-1;-1;valid
8.982955;36;20.0.2.10;46;126;0;4;94;7;1;1;2;1;-1;-1;0;126;0;0;-1;126;0;0;65;-1;valid
9.000545;36;20.0.20.10;14;126;0;2;66;-1;-1;2;-1;-1;-1;-1;1;126;0;0;-1;-1;-1;-1;-1;-1;valid
9.000869;36;20.0.2.10;46;126;0;2;67;-1;-1;-1;-1;-1;-1;-1;1;126;0;0;-1;-1;-1;-1;-1;-1;valid
9.000966;36;20.0.2.10;46;126;0;2;103;-1;-1;-1;-1;1;8;-1;2;126;0;0;-1;46;-1;-1;-1;-1;valid
9.168764;-1;20.0.2.10;15;126;0;0;65;7;1;1;2;1;-1;-1;-1;-1;-1;-1;-1;-1;-1;-1;-1;-1;valid
9.180719;37;20.0.20.10;4;126;0;0;86;0;-1;-1;-1;-1;-1;-1;-1;-1;-1;-1;-1;-1;-1;-1;-1;-1;valid
9.180888;37;20.0.2.10;46;126;0;0;87;-1;-1;-1;-1;-1;-1;16;-1;-1;-1;-1;-1;-1;-1;-1;-1;-1;valid
9.182447;37;20.0.20.10;4;126;0;3;93;0;-1;-1;2;-1;-1;-1;0;126;0;0;0;-1;-1;-1;-1;-1;valid
9.182653;37;20.0.2.10;46;126;0;4;94;7;1;1;2;1;-1;-1;0;126;0;0;-1;126;0;0;65;-1;valid
9.189323;37;20.0.20.10;14;126;0;2;66;-1;-1;2;-1;-1;-1;-1;1;126;0;0;-1;-1;-1;-1;-1;-1;valid
9.189669;37;20.0.2.10;46;126;0;2;67;-1;-1;-1;-1;-1;-1;-1;1;126;0;0;-1;-1;-1;-1;-1;-1;valid
9.189926;37;20.0.2.10;46;126;0;2;103;-1;-1;-1;-1;1;8;-1;2;126;0;0;-1;46;-1;-1;-1;-1;valid
9.36887;-1;20.0.2.10;15;126;0;0;65;7;1;1;2;1;-1;-1;-1;-1;-1;-1;-1;-1;-1;-1;-1;-1;valid
9.381917;38;20.0.20.10;4;126;0;0;86;0;-1;-1;-1;-1;-1;-1;-1;-1;-1;-1;-1;-1;-1;-1;-1;-1;valid
9.382083;38;20.0.2.10;46;126;0;0;87;-1;-1;-1;-1;-1;-1;16;-1;-1;-1;-1;-1;-1;-1;-1;-1;-1;valid
9.383331;38;20.0.20.10;4;126;0;3;93;0;-1;-1;2;-1;-1;-1;0;126;0;0;0;-1;-1;-1;-1;-1;valid
9.38349;38;20.0.2.10;46;126;0;4;94;7;1;1;2;1;-1;-1;0;126;0;0;-1;126;0;0;65;-1;valid
9.402133;38;20.0.20.10;14;126;0;2;66;-1;-1;2;-1;-1;-1;-1;1;126;0;0;-1;-1;-1;-1;-1;-1;valid
9.402471;38;20.0.2.10;46;126;0;2;67;-1;-1;-1;-1;-1;-1;-1;1;126;0;0;-1;-1;-1;-1;-1;-1;valid
9.402581;38;20.0.2.10;46;126;0;2;103;-1;-1;-1;-1;1;8;-1;2;126;0;0;-1;46;-1;-1;-1;-1;valid
9.568749;-1;20.0.2.10;15;126;0;0;65;7;1;1;2;1;-1;-1;-1;-1;-1;-1;-1;-1;-1;-1;-1;-1;valid
9.583916;39;20.0.20.10;4;126;0;0;86;0;-1;-1;-1;-1;-1;-1;-1;-1;-1;-1;-1;-1;-1;-1;-1;-1;valid
9.584124;39;20.0.2.10;46;126;0;0;87;-1;-1;-1;-1;-1;-1;16;-1;-1;-1;-1;-1;-1;-1;-1;-1;-1;valid
9.585503;39;20.0.20.10;4;126;0;3;93;0;-1;-1;2;-1;-1;-1;0;126;0;0;0;-1;-1;-1;-1;-1;valid
9.585735;39;20.0.2.10;46;126;0;4;94;7;1;1;2;1;-1;-1;0;126;0;0;-1;126;0;0;65;-1;valid
9.592965;39;20.0.20.10;14;126;0;2;66;-1;-1;2;-1;-1;-1;-1;1;126;0;0;-1;-1;-1;-1;-1;-1;valid
9.593236;39;20.0.2.10;46;126;0;2;67;-1;-1;-1;-1;-1;-1;-1;1;126;0;0;-1;-1;-1;-1;-1;-1;valid
9.593329;39;20.0.2.10;46;126;0;2;103;-1;-1;-1;-1;1;8;-1;2;126;0;0;-1;46;-1;-1;-1;-1;valid
9.768771;-1;20.0.2.10;15;126;0;0;65;7;1;1;2;1;-1;-1;-1;-1;-1;-1;-1;-1;-1;-1;-1;-1;valid
9.785436;40;20.0.20.10;4;126;0;0;86;0;-1;-1;-1;-1;-1;-1;-1;-1;-1;-1;-1;-1;-1;-1;-1;-1;valid
9.785603;40;20.0.2.10;46;126;0;0;87;-1;-1;-1;-1;-1;-1;16;-1;-1;-1;-1;-1;-1;-1;-1;-1;-1;valid
9.787015;40;20.0.20.10;4;126;0;3;93;0;-1;-1;2;-1;-1;-1;0;126;0;0;0;-1;-1;-1;-1;-1;valid
9.787176;40;20.0.2.10;46;126;0;4;94;7;1;1;2;1;-1;-1;0;126;0;0;-1;126;0;0;65;-1;valid
9.805799;40;20.0.20.10;14;126;0;2;66;-1;-1;2;-1;-1;-1;-1;1;126;0;0;-1;-1;-1;-1;-1;-1;valid
9.80608;40;20.0.2.10;46;126;0;2;67;-1;-1;-1;-1;-1;-1;-1;1;126;0;0;-1;-1;-1;-1;-1;-1;valid
9.806171;40;20.0.2.10;46;126;0;2;103;-1;-1;-1;-1;1;8;-1;2;126;0;0;-1;46;-1;-1;-1;-1;valid
9.968777;-1;20.0.2.10;15;126;0;0;65;7;1;1;2;1;-1;-1;-1;-1;-1;-1;-1;-1;-1;-1;-1;-1;valid
9.986787;41;20.0.20.10;4;126;0;0;86;0;-1;-1;-1;-1;-1;-1;-1;-1;-1;-1;-1;-1;-1;-1;-1;-1;valid
9.98696;41;20.0.2.10;46;126;0;0;87;-1;-1;-1;-1;-1;-1;16;-1;-1;-1;-1;-1;-1;-1;-1;-1;-1;valid
9.988345;41;20.0.20.10;4;126;0;3;93;0;-1;-1;2;-1;-1;-1;0;126;0;0;0;-1;-1;-1;-1;-1;valid
9.988519;41;20.0.2.10;46;126;0;4;94;7;1;1;2;1;-1;-1;0;126;0;0;-1;126;0;0;65;-1;valid
9.996869;41;20.0.20.10;14;126;0;2;66;-1;-1;2;-1;-1;-1;-1;1;126;0;0;-1;-1;-1;-1;-1;-1;valid
9.997148;41;20.0.2.10;46;126;0;2;67;-1;-1;-1;-1;-1;-1;-1;1;126;0;0;-1;-1;-1;-1;-1;-1;valid
9.997243;41;20.0.2.10;46;126;0;2;103;-1;-1;-1;-1;1;8;-1;2;126;0;0;-1;46;-1;-1;-1;-1;valid
10.1688;-1;20.0.2.10;15;126;0;0;65;7;1;1;2;1;-1;-1;-1;-1;-1;-1;-1;-1;-1;-1;-1;-1;valid
10.187763;42;20.0.20.10;4;126;0;0;86;0;-1;-1;-1;-1;-1;-1;-1;-1;-1;-1;-1;-1;-1;-1;-1;-1;valid
10.187994;42;20.0.2.10;46;126;0;0;87;-1;-1;-1;-1;-1;-1;16;-1;-1;-1;-1;-1;-1;-1;-1;-1;-1;valid
10.189248;42;20.0.20.10;4;126;0;3;93;0;-1;-1;2;-1;-1;-1;0;126;0;0;0;-1;-1;-1;-1;-1;valid
10.189414;42;20.0.2.10;46;126;0;4;94;7;1;1;2;1;-1;-1;0;126;0;0;-1;126;0;0;65;-1;valid
10.208321;42;20.0.20.10;14;126;0;2;66;-1;-1;2;-1;-1;-1;-1;1;126;0;0;-1;-1;-1;-1;-1;-1;valid
10.208607;42;20.0.2.10;46;126;0;2;67;-1;-1;-1;-1;-1;-1;-1;1;126;0;0;-1;-1;-1;-1;-1;-1;valid
10.208755;42;20.0.2.10;46;126;0;2;103;-1;-1;-1;-1;1;8;-1;2;126;0;0;-1;46;-1;-1;-1;-1;valid
10.36882;-1;20.0.2.10;15;126;0;0;65;7;1;1;2;1;-1;-1;-1;-1;-1;-1;-1;-1;-1;-1;-1;-1;valid
10.37121;43;20.0.20.10;4;126;0;0;86;0;-1;-1;-1;-1;-1;-1;-1;-1;-1;-1;-1;-1;-1;-1;-1;-1;valid
10.371379;43;20.0.2.10;46;126;0;0;87;-1;-1;-1;-1;-1;-1;16;-1;-1;-1;-1;-1;-1;-1;-1;-1;-1;valid
10.372831;43;20.0.20.10;4;126;0;3;93;0;-1;-1;2;-1;-1;-1;0;126;0;0;0;-1;-1;-1;-1;-1;valid
10.373052;43;20.0.2.10;46;126;0;4;94;7;1;1;2;1;-1;-1;0;126;0;0;-1;126;0;0;65;-1;valid
10.377815;43;20.0.20.10;14;126;0;2;66;-1;-1;2;-1;-1;-1;-1;1;126;0;0;-1;-1;-1;-1;-1;-1;valid
10.378091;43;20.0.2.10;46;126;0;2;67;-1;-1;-1;-1;-1;-1;-1;1;126;0;0;-1;-1;-1;-1;-1;-1;valid
10.378189;43;20.0.2.10;46;126;0;2;103;-1;-1;-1;-1;1;8;-1;2;126;0;0;-1;46;-1;-1;-1;-1;valid
10.568762;-1;20.0.2.10;15;126;0;0;65;7;1;1;2;1;-1;-1;-1;-1;-1;-1;-1;-1;-1;-1;-1;-1;valid
10.57052;44;20.0.20.10;4;126;0;0;86;0;-1;-1;-1;-1;-1;-1;-1;-1;-1;-1;-1;-1;-1;-1;-1;-1;valid
10.570724;44;20.0.2.10;46;126;0;0;87;-1;-1;-1;-1;-1;-1;16;-1;-1;-1;-1;-1;-1;-1;-1;-1;-1;valid
10.572064;44;20.0.20.10;4;126;0;3;93;0;-1;-1;2;-1;-1;-1;0;126;0;0;0;-1;-1;-1;-1;-1;valid
10.572236;44;20.0.2.10;46;126;0;4;94;7;1;1;2;1;-1;-1;0;126;0;0;-1;126;0;0;65;-1;valid
10.576678;44;20.0.20.10;14;126;0;2;66;-1;-1;2;-1;-1;-1;-1;1;126;0;0;-1;-1;-1;-1;-1;-1;valid
10.576961;44;20.0.2.10;46;126;0;2;67;-1;-1;-1;-1;-1;-1;-1;1;126;0;0;-1;-1;-1;-1;-1;-1;valid
10.577054;44;20.0.2.10;46;126;0;2;103;-1;-1;-1;-1;1;8;-1;2;126;0;0;-1;46;-1;-1;-1;-1;valid
10.768744;-1;20.0.2.10;15;126;0;0;65;7;1;1;2;1;-1;-1;-1;-1;-1;-1;-1;-1;-1;-1;-1;-1;valid
10.7758;45;20.0.20.10;4;126;0;0;86;0;-1;-1;-1;-1;-1;-1;-1;-1;-1;-1;-1;-1;-1;-1;-1;-1;valid
10.776104;45;20.0.2.10;46;126;0;0;87;-1;-1;-1;-1;-1;-1;16;-1;-1;-1;-1;-1;-1;-1;-1;-1;-1;valid
10.777437;45;20.0.20.10;4;126;0;3;93;0;-1;-1;2;-1;-1;-1;0;126;0;0;0;-1;-1;-1;-1;-1;valid
10.777607;45;20.0.2.10;46;126;0;4;94;7;1;1;2;1;-1;-1;0;126;0;0;-1;126;0;0;65;-1;valid
10.783858;45;20.0.20.10;14;126;0;2;66;-1;-1;2;-1;-1;-1;-1;1;126;0;0;-1;-1;-1;-1;-1;-1;valid
10.784187;45;20.0.2.10;46;126;0;2;67;-1;-1;-1;-1;-1;-1;-1;1;126;0;0;-1;-1;-1;-1;-1;-1;valid
10.784274;45;20.0.2.10;46;126;0;2;103;-1;-1;-1;-1;1;8;-1;2;126;0;0;-1;46;-1;-1;-1;-1;valid
10.968821;-1;20.0.2.10;15;126;0;0;65;7;1;1;2;1;-1;-1;-1;-1;-1;-1;-1;-1;-1;-1;-1;-1;valid
10.972714;46;20.0.20.10;4;126;0;0;86;0;-1;-1;-1;-1;-1;-1;-1;-1;-1;-1;-1;-1;-1;-1;-1;-1;valid
10.972879;46;20.0.2.10;46;126;0;0;87;-1;-1;-1;-1;-1;-1;16;-1;-1;-1;-1;-1;-1;-1;-1;-1;-1;valid
10.974355;46;20.0.20.10;4;126;0;3;93;0;-1;-1;2;-1;-1;-1;0;126;0;0;0;-1;-1;-1;-1;-1;valid
10.974519;46;20.0.2.10;46;126;0;4;94;7;1;1;2;1;-1;-1;0;126;0;0;-1;126;0;0;65;-1;valid
10.997606;46;20.0.20.10;14;126;0;2;66;-1;-1;2;-1;-1;-1;-1;1;126;0;0;-1;-1;-1;-1;-1;-1;valid
10.997917;46;20.0.2.10;46;126;0;2;67;-1;-1;-1;-1;-1;-1;-1;1;126;0;0;-1;-1;-1;-1;-1;-1;valid
10.998007;46;20.0.2.10;46;126;0;2;103;-1;-1;-1;-1;1;8;-1;2;126;0;0;-1;46;-1;-1;-1;-1;valid
11.168772;-1;20.0.2.10;15;126;0;0;65;7;1;1;2;1;-1;-1;-1;-1;-1;-1;-1;-1;-1;-1;-1;-1;valid
11.17826;47;20.0.20.10;4;126;0;0;86;0;-1;-1;-1;-1;-1;-1;-1;-1;-1;-1;-1;-1;-1;-1;-1;-1;valid
11.178385;47;20.0.2.10;46;126;0;0;87;-1;-1;-1;-1;-1;-1;16;-1;-1;-1;-1;-1;-1;-1;-1;-1;-1;valid
11.179335;47;20.0.20.10;4;126;0;3;93;0;-1;-1;2;-1;-1;-1;0;126;0;0;0;-1;-1;-1;-1;-1;valid
11.179436;47;20.0.2.10;46;126;0;4;94;7;1;1;2;1;-1;-1;0;126;0;0;-1;126;0;0;65;-1;valid
11.185396;47;20.0.20.10;14;126;0;2;66;-1;-1;2;-1;-1;-1;-1;1;126;0;0;-1;-1;-1;-1;-1;-1;valid
11.185648;47;20.0.2.10;46;126;0;2;67;-1;-1;-1;-1;-1;-1;-1;1;126;0;0;-1;-1;-1;-1;-1;-1;valid
11.185735;47;20.0.2.10;46;126;0;2;103;-1;-1;-1;-1;1;8;-1;2;126;0;0;-1;46;-1;-1;-1;-1;valid
11.368748;-1;20.0.2.10;15;126;0;0;65;7;1;1;2;1;-1;-1;-1;-1;-1;-1;-1;-1;-1;-1;-1;-1;valid
11.374722;48;20.0.20.10;4;126;0;0;86;0;-1;-1;-1;-1;-1;-1;-1;-1;-1;-1;-1;-1;-1;-1;-1;-1;valid
11.374894;48;20.0.2.10;46;126;0;0;87;-1;-1;-1;-1;-1;-1;16;-1;-1;-1;-1;-1;-1;-1;-1;-1;-1;valid
11.376298;48;20.0.20.10;4;126;0;3;93;0;-1;-1;2;-1;-1;-1;0;126;0;0;0;-1;-1;-1;-1;-1;valid
11.376462;48;20.0.2.10;46;126;0;4;94;7;1;1;2;1;-1;-1;0;126;0;0;-1;126;0;0;65;-1;valid
11.395141;48;20.0.20.10;14;126;0;2;66;-1;-1;2;-1;-1;-1;-1;1;126;0;0;-1;-1;-1;-1;-1;-1;valid
11.395413;48;20.0.2.10;46;126;0;2;67;-1;-1;-1;-1;-1;-1;-1;1;126;0;0;-1;-1;-1;-1;-1;-1;valid
11.395505;48;20.0.2.10;46;126;0;2;103;-1;-1;-1;-1;1;8;-1;2;126;0;0;-1;46;-1;-1;-1;-1;valid
11.568786;-1;20.0.2.10;15;126;0;0;65;7;1;1;2;1;-1;-1;-1;-1;-1;-1;-1;-1;-1;-1;-1;-1;valid
11.58161;49;20.0.20.10;4;126;0;0;86;0;-1;-1;-1;-1;-1;-1;-1;-1;-1;-1;-1;-1;-1;-1;-1;-1;valid
11.581829;49;20.0.2.10;46;126;0;0;87;-1;-1;-1;-1;-1;-1;16;-1;-1;-1;-1;-1;-1;-1;-1;-1;-1;valid
11.583172;49;20.0.20.10;4;126;0;3;93;0;-1;-1;2;-1;-1;-1;0;126;0;0;0;-1;-1;-1;-1;-1;valid
11.583344;49;20.0.2.10;46;126;0;4;94;7;1;1;2;1;-1;-1;0;126;0;0;-1;126;0;0;65;-1;valid
11.590404;49;20.0.20.10;14;126;0;2;66;-1;-1;2;-1;-1;-1;-1;1;126;0;0;-1;-1;-1;-1;-1;-1;valid
11.590723;49;20.0.2.10;46;126;0;2;67;-1;-1;-1;-1;-1;-1;-1;1;126;0;0;-1;-1;-1;-1;-1;-1;valid
11.590823;49;20.0.2.10;46;126;0;2;103;-1;-1;-1;-1;1;8;-1;2;126;0;0;-1;46;-1;-1;-1;-1;valid
11.768754;-1;20.0.2.10;15;126;0;0;65;7;1;1;2;1;-1;-1;-1;-1;-1;-1;-1;-1;-1;-1;-1;-1;valid
11.770441;50;20.0.20.10;4;126;0;0;86;0;-1;-1;-1;-1;-1;-1;-1;-1;-1;-1;-1;-1;-1;-1;-1;-1;valid
11.770599;50;20.0.2.10;46;126;0;0;87;-1;-1;-1;-1;-1;-1;16;-1;-1;-1;-1;-1;-1;-1;-1;-1;-1;valid
11.772132;50;20.0.20.10;4;126;0;3;93;0;-1;-1;2;-1;-1;-1;0;126;0;0;0;-1;-1;-1;-1;-1;valid
11.7723;50;20.0.2.10;46;126;0;4;94;7;1;1;2;1;-1;-1;0;126;0;0;-1;126;0;0;65;-1;valid
11.783233;50;20.0.20.10;14;126;0;2;66;-1;-1;2;-1;-1;-1;-1;1;126;0;0;-1;-1;-1;-1;-1;-1;valid
11.783508;50;20.0.2.10;46;126;0;2;67;-1;-1;-1;-1;-1;-1;-1;1;126;0;0;-1;-1;-1;-1;-1;-1;valid
11.783596;50;20.0.2.10;46;126;0;2;103;-1;-1;-1;-1;1;8;-1;2;126;0;0;-1;46;-1;-1;-1;-1;valid
11.968812;-1;20.0.2.10;15;126;0;0;65;7;1;1;2;1;-1;-1;-1;-1;-1;-1;-1;-1;-1;-1;-1;-1;valid
11.986773;51;20.0.20.10;4;126;0;0;86;0;-1;-1;-1;-1;-1;-1;-1;-1;-1;-1;-1;-1;-1;-1;-1;-1;valid
11.986961;51;20.0.2.10;46;126;0;0;87;-1;-1;-1;-1;-1;-1;16;-1;-1;-1;-1;-1;-1;-1;-1;-1;-1;valid
11.988208;51;20.0.20.10;4;126;0;3;93;0;-1;-1;2;-1;-1;-1;0;126;0;0;0;-1;-1;-1;-1;-1;valid
11.988372;51;20.0.2.10;46;126;0;4;94;7;1;1;2;1;-1;-1;0;126;0;0;-1;126;0;0;65;-1;valid
12.010587;51;20.0.20.10;14;126;0;2;66;-1;-1;2;-1;-1;-1;-1;1;126;0;0;-1;-1;-1;-1;-1;-1;valid
12.01091;51;20.0.2.10;46;126;0;2;67;-1;-1;-1;-1;-1;-1;-1;1;126;0;0;-1;-1;-1;-1;-1;-1;valid
12.011006;51;20.0.2.10;46;126;0;2;103;-1;-1;-1;-1;1;8;-1;2;126;0;0;-1;46;-1;-1;-1;-1;valid
12.168788;-1;20.0.2.10;15;126;0;0;65;7;1;1;2;1;-1;-1;-1;-1;-1;-1;-1;-1;-1;-1;-1;-1;valid
12.182536;52;20.0.20.10;4;126;0;0;86;0;-1;-1;-1;-1;-1;-1;-1;-1;-1;-1;-1;-1;-1;-1;-1;-1;valid
12.182747;52;20.0.2.10;46;126;0;0;87;-1;-1;-1;-1;-1;-1;16;-1;-1;-1;-1;-1;-1;-1;-1;-1;-1;valid
12.184247;52;20.0.20.10;4;126;0;3;93;0;-1;-1;2;-1;-1;-1;0;126;0;0;0;-1;-1;-1;-1;-1;valid
12.184423;52;20.0.2.10;46;126;0;4;94;7;1;1;2;1;-1;-1;0;126;0;0;-1;126;0;0;65;-1;valid
12.202786;52;20.0.20.10;14;126;0;2;66;-1;-1;2;-1;-1;-1;-1;1;126;0;0;-1;-1;-1;-1;-1;-1;valid
12.203063;52;20.0.2.10;46;126;0;2;67;-1;-1;-1;-1;-1;-1;-1;1;126;0;0;-1;-1;-1;-1;-1;-1;valid
12.203157;52;20.0.2.10;46;126;0;2;103;-1;-1;-1;-1;1;8;-1;2;126;0;0;-1;46;-1;-1;-1;-1;valid
12.368789;-1;20.0.2.10;15;126;0;0;65;7;1;1;2;1;-1;-1;-1;-1;-1;-1;-1;-1;-1;-1;-1;-1;valid
12.390023;53;20.0.20.10;4;126;0;0;86;0;-1;-1;-1;-1;-1;-1;-1;-1;-1;-1;-1;-1;-1;-1;-1;-1;valid
12.390191;53;20.0.2.10;46;126;0;0;87;-1;-1;-1;-1;-1;-1;16;-1;-1;-1;-1;-1;-1;-1;-1;-1;-1;valid
12.391506;53;20.0.20.10;4;126;0;3;93;0;-1;-1;2;-1;-1;-1;0;126;0;0;0;-1;-1;-1;-1;-1;valid
12.3917;53;20.0.2.10;46;126;0;4;94;7;1;1;2;1;-1;-1;0;126;0;0;-1;126;0;0;65;-1;valid
12.398313;53;20.0.20.10;14;126;0;2;66;-1;-1;2;-1;-1;-1;-1;1;126;0;0;-1;-1;-1;-1;-1;-1;valid
12.398591;53;20.0.2.10;46;126;0;2;67;-1;-1;-1;-1;-1;-1;-1;1;126;0;0;-1;-1;-1;-1;-1;-1;valid
12.39872;53;20.0.2.10;46;126;0;2;103;-1;-1;-1;-1;1;8;-1;2;126;0;0;-1;46;-1;-1;-1;-1;valid
12.568755;-1;20.0.2.10;15;126;0;0;65;7;1;1;2;1;-1;-1;-1;-1;-1;-1;-1;-1;-1;-1;-1;-1;valid
12.585676;54;20.0.20.10;4;126;0;0;86;0;-1;-1;-1;-1;-1;-1;-1;-1;-1;-1;-1;-1;-1;-1;-1;-1;valid
12.58585;54;20.0.2.10;46;126;0;0;87;-1;-1;-1;-1;-1;-1;16;-1;-1;-1;-1;-1;-1;-1;-1;-1;-1;valid
12.58733;54;20.0.20.10;4;126;0;3;93;0;-1;-1;2;-1;-1;-1;0;126;0;0;0;-1;-1;-1;-1;-1;valid
12.587498;54;20.0.2.10;46;126;0;4;94;7;1;1;2;1;-1;-1;0;126;0;0;-1;126;0;0;65;-1;valid
12.611557;54;20.0.20.10;14;126;0;2;66;-1;-1;2;-1;-1;-1;-1;1;126;0;0;-1;-1;-1;-1;-1;-1;valid
12.611906;54;20.0.2.10;46;126;0;2;67;-1;-1;-1;-1;-1;-1;-1;1;126;0;0;-1;-1;-1;-1;-1;-1;valid
12.612017;54;20.0.2.10;46;126;0;2;103;-1;-1;-1;-1;1;8;-1;2;126;0;0;-1;46;-1;-1;-1;-1;valid
12.768745;-1;20.0.2.10;15;126;0;0;65;7;1;1;2;1;-1;-1;-1;-1;-1;-1;-1;-1;-1;-1;-1;-1;valid
12.772524;55;20.0.20.10;4;126;0;0;86;0;-1;-1;-1;-1;-1;-1;-1;-1;-1;-1;-1;-1;-1;-1;-1;-1;valid
12.772722;55;20.0.2.10;46;126;0;0;87;-1;-1;-1;-1;-1;-1;16;-1;-1;-1;-1;-1;-1;-1;-1;-1;-1;valid
12.774276;55;20.0.20.10;4;126;0;3;93;0;-1;-1;2;-1;-1;-1;0;126;0;0;0;-1;-1;-1;-1;-1;valid
12.774444;55;20.0.2.10;46;126;0;4;94;7;1;1;2;1;-1;-1;0;126;0;0;-1;126;0;0;65;-1;valid
12.79757;55;20.0.20.10;14;126;0;2;66;-1;-1;2;-1;-1;-1;-1;1;126;0;0;-1;-1;-1;-1;-1;-1;valid
12.797871;55;20.0.2.10;46;126;0;2;67;-1;-1;-1;-1;-1;-1;-1;1;126;0;0;-1;-1;-1;-1;-1;-1;valid
12.79796;55;20.0.2.10;46;126;0;2;103;-1;-1;-1;-1;1;8;-1;2;126;0;0;-1;46;-1;-1;-1;-1;valid
12.96875;-1;20.0.2.10;15;126;0;0;65;7;1;1;2;1;-1;-1;-1;-1;-1;-1;-1;-1;-1;-1;-1;-1;valid
12.98969;56;20.0.20.10;4;126;0;0;86;0;-1;-1;-1;-1;-1;-1;-1;-1;-1;-1;-1;-1;-1;-1;-1;-1;valid
12.98986;56;20.0.2.10;46;126;0;0;87;-1;-1;-1;-1;-1;-1;16;-1;-1;-1;-1;-1;-1;-1;-1;-1;-1;valid
12.991483;56;20.0.20.10;4;126;0;3;93;0;-1;-1;2;-1;-1;-1;0;126;0;0;0;-1;-1;-1;-1;-1;valid
12.991752;56;20.0.2.10;46;126;0;4;94;7;1;1;2;1;-1;-1;0;126;0;0;-1;126;0;0;65;-1;valid
13.009718;56;20.0.20.10;14;126;0;2;66;-1;-1;2;-1;-1;-1;-1;1;126;0;0;-1;-1;-1;-1;-1;-1;valid
13.009993;56;20.0.2.10;46;126;0;2;67;-1;-1;-1;-1;-1;-1;-1;1;126;0;0;-1;-1;-1;-1;-1;-1;valid
13.010082;56;20.0.2.10;46;126;0;2;103;-1;-1;-1;-1;1;8;-1;2;126;0;0;-1;46;-1;-1;-1;-1;valid
13.168817;-1;20.0.2.10;15;126;0;0;65;7;1;1;2;1;-1;-1;-1;-1;-1;-1;-1;-1;-1;-1;-1;-1;valid
13.175917;57;20.0.20.10;4;126;0;0;86;0;-1;-1;-1;-1;-1;-1;-1;-1;-1;-1;-1;-1;-1;-1;-1;-1;valid
13.176101;57;20.0.2.10;46;126;0;0;87;-1;-1;-1;-1;-1;-1;16;-1;-1;-1;-1;-1;-1;-1;-1;-1;-1;valid
13.177453;57;20.0.20.10;4;126;0;3;93;0;-1;-1;2;-1;-1;-1;0;126;0;0;0;-1;-1;-1;-1;-1;valid
13.177621;57;20.0.2.10;46;126;0;4;94;7;1;1;2;1;-1;-1;0;126;0;0;-1;126;0;0;65;-1;valid
13.18746;57;20.0.20.10;14;126;0;2;66;-1;-1;2;-1;-1;-1;-1;1;126;0;0;-1;-1;-1;-1;-1;-1;valid
13.187787;57;20.0.2.10;46;126;0;2;67;-1;-1;-1;-1;-1;-1;-1;1;126;0;0;-1;-1;-1;-1;-1;-1;valid
13.187916;57;20.0.2.10;46;126;0;2;103;-1;-1;-1;-1;1;8;-1;2;126;0;0;-1;46;-1;-1;-1;-1;valid
13.36882;-1;20.0.2.10;15;126;0;0;65;7;1;1;2;1;-1;-1;-1;-1;-1;-1;-1;-1;-1;-1;-1;-1;valid
13.377174;58;20.0.20.10;4;126;0;0;86;0;-1;-1;-1;-1;-1;-1;-1;-1;-1;-1;-1;-1;-1;-1;-1;-1;valid
13.377358;58;20.0.2.10;46;126;0;0;87;-1;-1;-1;-1;-1;-1;16;-1;-1;-1;-1;-1;-1;-1;-1;-1;-1;valid
13.378701;58;20.0.20.10;4;126;0;3;93;0;-1;-1;2;-1;-1;-1;0;126;0;0;0;-1;-1;-1;-1;-1;valid
13.378874;58;20.0.2.10;46;126;0;4;94;7;1;1;2;1;-1;-1;0;126;0;0;-1;126;0;0;65;-1;valid
13.397332;58;20.0.20.10;14;126;0;2;66;-1;-1;2;-1;-1;-1;-1;1;126;0;0;-1;-1;-1;-1;-1;-1;valid
13.397615;58;20.0.2.10;46;126;0;2;67;-1;-1;-1;-1;-1;-1;-1;1;126;0;0;-1;-1;-1;-1;-1;-1;valid
13.397747;58;20.0.2.10;46;126;0;2;103;-1;-1;-1;-1;1;8;-1;2;126;0;0;-1;46;-1;-1;-1;-1;valid
13.568753;-1;20.0.2.10;15;126;0;0;65;7;1;1;2;1;-1;-1;-1;-1;-1;-1;-1;-1;-1;-1;-1;-1;valid
13.578099;59;20.0.20.10;4;126;0;0;86;0;-1;-1;-1;-1;-1;-1;-1;-1;-1;-1;-1;-1;-1;-1;-1;-1;valid
13.578263;59;20.0.2.10;46;126;0;0;87;-1;-1;-1;-1;-1;-1;16;-1;-1;-1;-1;-1;-1;-1;-1;-1;-1;valid
13.579634;59;20.0.20.10;4;126;0;3;93;0;-1;-1;2;-1;-1;-1;0;126;0;0;0;-1;-1;-1;-1;-1;valid
13.579827;59;20.0.2.10;46;126;0;4;94;7;1;1;2;1;-1;-1;0;126;0;0;-1;126;0;0;65;-1;valid
13.602358;59;20.0.20.10;14;126;0;2;66;-1;-1;2;-1;-1;-1;-1;1;126;0;0;-1;-1;-1;-1;-1;-1;valid
13.602689;59;20.0.2.10;46;126;0;2;67;-1;-1;-1;-1;-1;-1;-1;1;126;0;0;-1;-1;-1;-1;-1;-1;valid
13.602789;59;20.0.2.10;46;126;0;2;103;-1;-1;-1;-1;1;8;-1;2;126;0;0;-1;46;-1;-1;-1;-1;valid
13.768746;-1;20.0.2.10;15;126;0;0;65;7;1;1;2;1;-1;-1;-1;-1;-1;-1;-1;-1;-1;-1;-1;-1;valid
13.779622;60;20.0.20.10;4;126;0;0;86;0;-1;-1;-1;-1;-1;-1;-1;-1;-1;-1;-1;-1;-1;-1;-1;-1;valid
13.779824;60;20.0.2.10;46;126;0;0;87;-1;-1;-1;-1;-1;-1;16;-1;-1;-1;-1;-1;-1;-1;-1;-1;-1;valid
13.781326;60;20.0.20.10;4;126;0;3;93;0;-1;-1;2;-1;-1;-1;0;126;0;0;0;-1;-1;-1;-1;-1;valid
13.781493;60;20.0.2.10;46;126;0;4;94;7;1;1;2;1;-1;-1;0;126;0;0;-1;126;0;0;65;-1;valid
13.800264;60;20.0.20.10;14;126;0;2;66;-1;-1;2;-1;-1;-1;-1;1;126;0;0;-1;-1;-1;-1;-1;-1;valid
13.800543;60;20.0.2.10;46;126;0;2;67;-1;-1;-1;-1;-1;-1;-1;1;126;0;0;-1;-1;-1;-1;-1;-1;valid
13.800633;60;20.0.2.10;46;126;0;2;103;-1;-1;-1;-1;1;8;-1;2;126;0;0;-1;46;-1;-1;-1;-1;valid
13.968776;-1;20.0.2.10;15;126;0;0;65;7;1;1;2;1;-1;-1;-1;-1;-1;-1;-1;-1;-1;-1;-1;-1;valid
13.981545;61;20.0.20.10;4;126;0;0;86;0;-1;-1;-1;-1;-1;-1;-1;-1;-1;-1;-1;-1;-1;-1;-1;-1;valid
13.981752;61;20.0.2.10;46;126;0;0;87;-1;-1;-1;-1;-1;-1;16;-1;-1;-1;-1;-1;-1;-1;-1;-1;-1;valid
13.983024;61;20.0.20.10;4;126;0;3;93;0;-1;-1;2;-1;-1;-1;0;126;0;0;0;-1;-1;-1;-1;-1;valid
13.983183;61;20.0.2.10;46;126;0;4;94;7;1;1;2;1;-1;-1;0;126;0;0;-1;126;0;0;65;-1;valid
13.995768;61;20.0.20.10;14;126;0;2;66;-1;-1;2;-1;-1;-1;-1;1;126;0;0;-1;-1;-1;-1;-1;-1;valid
13.996092;61;20.0.2.10;46;126;0;2;67;-1;-1;-1;-1;-1;-1;-1;1;126;0;0;-1;-1;-1;-1;-1;-1;valid
13.996188;61;20.0.2.10;46;126;0;2;103;-1;-1;-1;-1;1;8;-1;2;126;0;0;-1;46;-1;-1;-1;-1;valid
14.168761;-1;20.0.2.10;15;126;0;0;65;7;1;1;2;1;-1;-1;-1;-1;-1;-1;-1;-1;-1;-1;-1;-1;valid
14.18683;62;20.0.20.10;4;126;0;0;86;0;-1;-1;-1;-1;-1;-1;-1;-1;-1;-1;-1;-1;-1;-1;-1;-1;valid
14.187;62;20.0.2.10;46;126;0;0;87;-1;-1;-1;-1;-1;-1;16;-1;-1;-1;-1;-1;-1;-1;-1;-1;-1;valid
14.18843;62;20.0.20.10;4;126;0;3;93;0;-1;-1;2;-1;-1;-1;0;126;0;0;0;-1;-1;-1;-1;-1;valid
14.188596;62;20.0.2.10;46;126;0;4;94;7;1;1;2;1;-1;-1;0;126;0;0;-1;126;0;0;65;-1;valid
14.203184;62;20.0.20.10;14;126;0;2;66;-1;-1;2;-1;-1;-1;-1;1;126;0;0;-1;-1;-1;-1;-1;-1;valid
14.203464;62;20.0.2.10;46;126;0;2;67;-1;-1;-1;-1;-1;-1;-1;1;126;0;0;-1;-1;-1;-1;-1;-1;valid
14.203558;62;20.0.2.10;46;126;0;2;103;-1;-1;-1;-1;1;8;-1;2;126;0;0;-1;46;-1;-1;-1;-1;valid
14.368736;-1;20.0.2.10;15;126;0;0;65;7;1;1;2;1;-1;-1;-1;-1;-1;-1;-1;-1;-1;-1;-1;-1;valid
14.386282;63;20.0.20.10;4;126;0;0;86;0;-1;-1;-1;-1;-1;-1;-1;-1;-1;-1;-1;-1;-1;-1;-1;-1;valid
14.386442;63;20.0.2.10;46;126;0;0;87;-1;-1;-1;-1;-1;-1;16;-1;-1;-1;-1;-1;-1;-1;-1;-1;-1;valid
14.387752;63;20.0.20.10;4;126;0;3;93;0;-1;-1;2;-1;-1;-1;0;126;0;0;0;-1;-1;-1;-1;-1;valid
14.387954;63;20.0.2.10;46;126;0;4;94;7;1;1;2;1;-1;-1;0;126;0;0;-1;126;0;0;65;-1;valid
14.411948;63;20.0.20.10;14;126;0;2;66;-1;-1;2;-1;-1;-1;-1;1;126;0;0;-1;-1;-1;-1;-1;-1;valid
14.412223;63;20.0.2.10;46;126;0;2;67;-1;-1;-1;-1;-1;-1;-1;1;126;0;0;-1;-1;-1;-1;-1;-1;valid
14.41231;63;20.0.2.10;46;126;0;2;103;-1;-1;-1;-1;1;8;-1;2;126;0;0;-1;46;-1;-1;-1;-1;valid
14.568737;-1;20.0.2.10;15;126;0;0;65;7;1;1;2;1;-1;-1;-1;-1;-1;-1;-1;-1;-1;-1;-1;-1;valid
14.570483;64;20.0.20.10;4;126;0;0;86;0;-1;-1;-1;-1;-1;-1;-1;-1;-1;-1;-1;-1;-1;-1;-1;-1;valid
14.570684;64;20.0.2.10;46;126;0;0;87;-1;-1;-1;-1;-1;-1;16;-1;-1;-1;-1;-1;-1;-1;-1;-1;-1;valid
14.572015;64;20.0.20.10;4;126;0;3;93;0;-1;-1;2;-1;-1;-1;0;126;0;0;0;-1;-1;-1;-1;-1;valid
14.572176;64;20.0.2.10;46;126;0;4;94;7;1;1;2;1;-1;-1;0;126;0;0;-1;126;0;0;65;-1;valid
14.576433;64;20.0.20.10;14;126;0;2;66;-1;-1;2;-1;-1;-1;-1;1;126;0;0;-1;-1;-1;-1;-1;-1;valid
14.57676;64;20.0.2.10;46;126;0;2;67;-1;-1;-1;-1;-1;-1;-1;1;126;0;0;-1;-1;-1;-1;-1;-1;valid
14.576852;64;20.0.2.10;46;126;0;2;103;-1;-1;-1;-1;1;8;-1;2;126;0;0;-1;46;-1;-1;-1;-1;valid
14.768768;-1;20.0.2.10;15;126;0;0;65;7;1;1;2;1;-1;-1;-1;-1;-1;-1;-1;-1;-1;-1;-1;-1;valid
14.790036;65;20.0.20.10;4;126;0;0;86;0;-1;-1;-1;-1;-1;-1;-1;-1;-1;-1;-1;-1;-1;-1;-1;-1;valid
14.790204;65;20.0.2.10;46;126;0;0;87;-1;-1;-1;-1;-1;-1;16;-1;-1;-1;-1;-1;-1;-1;-1;-1;-1;valid
14.791491;65;20.0.20.10;4;126;0;3;93;0;-1;-1;2;-1;-1;-1;0;126;0;0;0;-1;-1;-1;-1;-1;valid
14.791699;65;20.0.2.10;46;126;0;4;94;7;1;1;2;1;-1;-1;0;126;0;0;-1;126;0;0;65;-1;valid
14.801932;65;20.0.20.10;14;126;0;2;66;-1;-1;2;-1;-1;-1;-1;1;126;0;0;-1;-1;-1;-1;-1;-1;valid
14.802205;65;20.0.2.10;46;126;0;2;67;-1;-1;-1;-1;-1;-1;-1;1;126;0;0;-1;-1;-1;-1;-1;-1;valid
14.802298;65;20.0.2.10;46;126;0;2;103;-1;-1;-1;-1;1;8;-1;2;126;0;0;-1;46;-1;-1;-1;-1;valid
14.968768;-1;20.0.2.10;15;126;0;0;65;7;1;1;2;1;-1;-1;-1;-1;-1;-1;-1;-1;-1;-1;-1;-1;valid
14.976873;66;20.0.20.10;4;126;0;0;86;0;-1;-1;-1;-1;-1;-1;-1;-1;-1;-1;-1;-1;-1;-1;-1;-1;valid
14.977048;66;20.0.2.10;46;126;0;0;87;-1;-1;-1;-1;-1;-1;16;-1;-1;-1;-1;-1;-1;-1;-1;-1;-1;valid
14.978602;66;20.0.20.10;4;126;0;3;93;0;-1;-1;2;-1;-1;-1;0;126;0;0;0;-1;-1;-1;-1;-1;valid
14.978821;66;20.0.2.10;46;126;0;4;94;7;1;1;2;1;-1;-1;0;126;0;0;-1;126;0;0;65;-1;valid
14.991732;66;20.0.20.10;14;126;0;2;66;-1;-1;2;-1;-1;-1;-1;1;126;0;0;-1;-1;-1;-1;-1;-1;valid
14.992066;66;20.0.2.10;46;126;0;2;67;-1;-1;-1;-1;-1;-1;-1;1;126;0;0;-1;-1;-1;-1;-1;-1;valid
14.992159;66;20.0.2.10;46;126;0;2;103;-1;-1;-1;-1;1;8;-1;2;126;0;0;-1;46;-1;-1;-1;-1;valid
15.168968;-1;20.0.2.10;15;126;0;0;65;7;1;1;2;1;-1;-1;-1;-1;-1;-1;-1;-1;-1;-1;-1;-1;valid
15.172869;67;20.0.20.10;4;126;0;0;86;0;-1;-1;-1;-1;-1;-1;-1;-1;-1;-1;-1;-1;-1;-1;-1;-1;valid
15.173051;67;20.0.2.10;46;126;0;0;87;-1;-1;-1;-1;-1;-1;16;-1;-1;-1;-1;-1;-1;-1;-1;-1;-1;valid
15.174388;67;20.0.20.10;4;126;0;3;93;0;-1;-1;2;-1;-1;-1;0;126;0;0;0;-1;-1;-1;-1;-1;valid
15.174558;67;20.0.2.10;46;126;0;4;94;7;1;1;2;1;-1;-1;0;126;0;0;-1;126;0;0;65;-1;valid
15.179067;67;20.0.20.10;14;126;0;2;66;-1;-1;2;-1;-1;-1;-1;1;126;0;0;-1;-1;-1;-1;-1;-1;valid
15.179358;67;20.0.2.10;46;126;0;2;67;-1;-1;-1;-1;-1;-1;-1;1;126;0;0;-1;-1;-1;-1;-1;-1;valid
15.179454;67;20.0.2.10;46;126;0;2;103;-1;-1;-1;-1;1;8;-1;2;126;0;0;-1;46;-1;-1;-1;-1;valid
15.368768;-1;20.0.2.10;15;126;0;0;65;7;1;1;2;1;-1;-1;-1;-1;-1;-1;-1;-1;-1;-1;-1;-1;valid
15.370642;68;20.0.20.10;4;126;0;0;86;0;-1;-1;-1;-1;-1;-1;-1;-1;-1;-1;-1;-1;-1;-1;-1;-1;valid
15.370864;68;20.0.2.10;46;126;0;0;87;-1;-1;-1;-1;-1;-1;16;-1;-1;-1;-1;-1;-1;-1;-1;-1;-1;valid
15.37225;68;20.0.20.10;4;126;0;3;93;0;-1;-1;2;-1;-1;-1;0;126;0;0;0;-1;-1;-1;-1;-1;valid
15.372425;68;20.0.2.10;46;126;0;4;94;7;1;1;2;1;-1;-1;0;126;0;0;-1;126;0;0;65;-1;valid
15.377209;68;20.0.20.10;14;126;0;2;66;-1;-1;2;-1;-1;-1;-1;1;126;0;0;-1;-1;-1;-1;-1;-1;valid
15.377485;68;20.0.2.10;46;126;0;2;67;-1;-1;-1;-1;-1;-1;-1;1;126;0;0;-1;-1;-1;-1;-1;-1;valid
15.37758;68;20.0.2.10;46;126;0;2;103;-1;-1;-1;-1;1;8;-1;2;126;0;0;-1;46;-1;-1;-1;-1;valid
15.568756;-1;20.0.2.10;15;126;0;0;65;7;1;1;2;1;-1;-1;-1;-1;-1;-1;-1;-1;-1;-1;-1;-1;valid
15.576356;69;20.0.20.10;4;126;0;0;86;0;-1;-1;-1;-1;-1;-1;-1;-1;-1;-1;-1;-1;-1;-1;-1;-1;valid
15.576519;69;20.0.2.10;46;126;0;0;87;-1;-1;-1;-1;-1;-1;16;-1;-1;-1;-1;-1;-1;-1;-1;-1;-1;valid
15.577891;69;20.0.20.10;4;126;0;3;93;0;-1;-1;2;-1;-1;-1;0;126;0;0;0;-1;-1;-1;-1;-1;valid
15.578061;69;20.0.2.10;46;126;0;4;94;7;1;1;2;1;-1;-1;0;126;0;0;-1;126;0;0;65;-1;valid
15.5888;69;20.0.20.10;14;126;0;2;66;-1;-1;2;-1;-1;-1;-1;1;126;0;0;-1;-1;-1;-1;-1;-1;valid
15.589076;69;20.0.2.10;46;126;0;2;67;-1;-1;-1;-1;-1;-1;-1;1;126;0;0;-1;-1;-1;-1;-1;-1;valid
15.589166;69;20.0.2.10;46;126;0;2;103;-1;-1;-1;-1;1;8;-1;2;126;0;0;-1;46;-1;-1;-1;-1;valid
15.768763;-1;20.0.2.10;15;126;0;0;65;7;1;1;2;1;-1;-1;-1;-1;-1;-1;-1;-1;-1;-1;-1;-1;valid
15.783788;70;20.0.20.10;4;126;0;0;86;0;-1;-1;-1;-1;-1;-1;-1;-1;-1;-1;-1;-1;-1;-1;-1;-1;valid
15.784003;70;20.0.2.10;46;126;0;0;87;-1;-1;-1;-1;-1;-1;16;-1;-1;-1;-1;-1;-1;-1;-1;-1;-1;valid
15.785577;70;20.0.20.10;4;126;0;3;93;0;-1;-1;2;-1;-1;-1;0;126;0;0;0;-1;-1;-1;-1;-1;valid
15.785786;70;20.0.2.10;46;126;0;4;94;7;1;1;2;1;-1;-1;0;126;0;0;-1;126;0;0;65;-1;valid
15.798348;70;20.0.20.10;14;126;0;2;66;-1;-1;2;-1;-1;-1;-1;1;126;0;0;-1;-1;-1;-1;-1;-1;valid
15.79863;70;20.0.2.10;46;126;0;2;67;-1;-1;-1;-1;-1;-1;-1;1;126;0;0;-1;-1;-1;-1;-1;-1;valid
15.798771;70;20.0.2.10;46;126;0;2;103;-1;-1;-1;-1;1;8;-1;2;126;0;0;-1;46;-1;-1;-1;-1;valid
15.968766;-1;20.0.2.10;15;126;0;0;65;7;1;1;2;1;-1;-1;-1;-1;-1;-1;-1;-1;-1;-1;-1;-1;valid
15.980952;71;20.0.20.10;4;126;0;0;86;0;-1;-1;-1;-1;-1;-1;-1;-1;-1;-1;-1;-1;-1;-1;-1;-1;valid
15.981128;71;20.0.2.10;46;126;0;0;87;-1;-1;-1;-1;-1;-1;16;-1;-1;-1;-1;-1;-1;-1;-1;-1;-1;valid
15.982659;71;20.0.20.10;4;126;0;3;93;0;-1;-1;2;-1;-1;-1;0;126;0;0;0;-1;-1;-1;-1;-1;valid
15.982872;71;20.0.2.10;46;126;0;4;94;7;1;1;2;1;-1;-1;0;126;0;0;-1;126;0;0;65;-1;valid
16.00489;71;20.0.20.10;14;126;0;2;66;-1;-1;2;-1;-1;-1;-1;1;126;0;0;-1;-1;-1;-1;-1;-1;valid
16.005175;71;20.0.2.10;46;126;0;2;67;-1;-1;-1;-1;-1;-1;-1;1;126;0;0;-1;-1;-1;-1;-1;-1;valid
16.005265;71;20.0.2.10;46;126;0;2;103;-1;-1;-1;-1;1;8;-1;2;126;0;0;-1;46;-1;-1;-1;-1;valid
16.168749;-1;20.0.2.10;15;126;0;0;65;7;1;1;2;1;-1;-1;-1;-1;-1;-1;-1;-1;-1;-1;-1;-1;valid
16.1908;72;20.0.20.10;4;126;0;0;86;0;-1;-1;-1;-1;-1;-1;-1;-1;-1;-1;-1;-1;-1;-1;-1;-1;valid
16.190969;72;20.0.2.10;46;126;0;0;87;-1;-1;-1;-1;-1;-1;16;-1;-1;-1;-1;-1;-1;-1;-1;-1;-1;valid
16.192458;72;20.0.20.10;4;126;0;3;93;0;-1;-1;2;-1;-1;-1;0;126;0;0;0;-1;-1;-1;-1;-1;valid
16.192624;72;20.0.2.10;46;126;0;4;94;7;1;1;2;1;-1;-1;0;126;0;0;-1;126;0;0;65;-1;valid
16.210768;72;20.0.20.10;14;126;0;2;66;-1;-1;2;-1;-1;-1;-1;1;126;0;0;-1;-1;-1;-1;-1;-1;valid
16.211047;72;20.0.2.10;46;126;0;2;67;-1;-1;-1;-1;-1;-1;-1;1;126;0;0;-1;-1;-1;-1;-1;-1;valid
16.211134;72;20.0.2.10;46;126;0;2;103;-1;-1;-1;-1;1;8;-1;2;126;0;0;-1;46;-1;-1;-1;-1;valid
16.368741;-1;20.0.2.10;15;126;0;0;65;7;1;1;2;1;-1;-1;-1;-1;-1;-1;-1;-1;-1;-1;-1;-1;valid
16.384751;73;20.0.20.10;4;126;0;0;86;0;-1;-1;-1;-1;-1;-1;-1;-1;-1;-1;-1;-1;-1;-1;-1;-1;valid
16.384919;73;20.0.2.10;46;126;0;0;87;-1;-1;-1;-1;-1;-1;16;-1;-1;-1;-1;-1;-1;-1;-1;-1;-1;valid
16.386253;73;20.0.20.10;4;126;0;3;93;0;-1;-1;2;-1;-1;-1;0;126;0;0;0;-1;-1;-1;-1;-1;valid
16.386418;73;20.0.2.10;46;126;0;4;94;7;1;1;2;1;-1;-1;0;126;0;0;-1;126;0;0;65;-1;valid
16.395561;73;20.0.20.10;14;126;0;2;66;-1;-1;2;-1;-1;-1;-1;1;126;0;0;-1;-1;-1;-1;-1;-1;valid
16.39604;73;20.0.2.10;46;126;0;2;67;-1;-1;-1;-1;-1;-1;-1;1;126;0;0;-1;-1;-1;-1;-1;-1;valid
16.396156;73;20.0.2.10;46;126;0;2;103;-1;-1;-1;-1;1;8;-1;2;126;0;0;-1;46;-1;-1;-1;-1;valid
16.568788;-1;20.0.2.10;15;126;0;0;65;7;1;1;2;1;-1;-1;-1;-1;-1;-1;-1;-1;-1;-1;-1;-1;valid
16.572589;74;20.0.20.10;4;126;0;0;86;0;-1;-1;-1;-1;-1;-1;-1;-1;-1;-1;-1;-1;-1;-1;-1;-1;valid
16.572799;74;20.0.2.10;46;126;0;0;87;-1;-1;-1;-1;-1;-1;16;-1;-1;-1;-1;-1;-1;-1;-1;-1;-1;valid
16.573741;74;20.0.20.10;4;126;0;3;93;0;-1;-1;2;-1;-1;-1;0;126;0;0;0;-1;-1;-1;-1;-1;valid
16.573894;74;20.0.2.10;46;126;0;4;94;7;1;1;2;1;-1;-1;0;126;0;0;-1;126;0;0;65;-1;valid
16.585925;74;20.0.20.10;14;126;0;2;66;-1;-1;2;-1;-1;-1;-1;1;126;0;0;-1;-1;-1;-1;-1;-1;valid
16.586199;74;20.0.2.10;46;126;0;2;67;-1;-1;-1;-1;-1;-1;-1;1;126;0;0;-1;-1;-1;-1;-1;-1;valid
16.586293;74;20.0.2.10;46;126;0;2;103;-1;-1;-1;-1;1;8;-1;2;126;0;0;-1;46;-1;-1;-1;-1;valid
16.768841;-1;20.0.2.10;15;126;0;0;65;7;1;1;2;1;-1;-1;-1;-1;-1;-1;-1;-1;-1;-1;-1;-1;valid
16.788924;75;20.0.20.10;4;126;0;0;86;0;-1;-1;-1;-1;-1;-1;-1;-1;-1;-1;-1;-1;-1;-1;-1;-1;valid
16.789106;75;20.0.2.10;46;126;0;0;87;-1;-1;-1;-1;-1;-1;16;-1;-1;-1;-1;-1;-1;-1;-1;-1;-1;valid
16.790436;75;20.0.20.10;4;126;0;3;93;0;-1;-1;2;-1;-1;-1;0;126;0;0;0;-1;-1;-1;-1;-1;valid
16.790604;75;20.0.2.10;46;126;0;4;94;7;1;1;2;1;-1;-1;0;126;0;0;-1;126;0;0;65;-1;valid
16.809037;75;20.0.20.10;14;126;0;2;66;-1;-1;2;-1;-1;-1;-1;1;126;0;0;-1;-1;-1;-1;-1;-1;valid
16.809364;75;20.0.2.10;46;126;0;2;67;-1;-1;-1;-1;-1;-1;-1;1;126;0;0;-1;-1;-1;-1;-1;-1;valid
16.80946;75;20.0.2.10;46;126;0;2;103;-1;-1;-1;-1;1;8;-1;2;126;0;0;-1;46;-1;-1;-1;-1;valid
16.968776;-1;20.0.2.10;15;126;0;0;65;7;1;1;2;1;-1;-1;-1;-1;-1;-1;-1;-1;-1;-1;-1;-1;valid
16.975666;76;20.0.20.10;4;126;0;0;86;0;-1;-1;-1;-1;-1;-1;-1;-1;-1;-1;-1;-1;-1;-1;-1;-1;valid
16.975864;76;20.0.2.10;46;126;0;0;87;-1;-1;-1;-1;-1;-1;16;-1;-1;-1;-1;-1;-1;-1;-1;-1;-1;valid
16.977437;76;20.0.20.10;4;126;0;3;93;0;-1;-1;2;-1;-1;-1;0;126;0;0;0;-1;-1;-1;-1;-1;valid
16.97761;76;20.0.2.10;46;126;0;4;94;7;1;1;2;1;-1;-1;0;126;0;0;-1;126;0;0;65;-1;valid
16.996263;76;20.0.20.10;14;126;0;2;66;-1;-1;2;-1;-1;-1;-1;1;126;0;0;-1;-1;-1;-1;-1;-1;valid
16.996543;76;20.0.2.10;46;126;0;2;67;-1;-1;-1;-1;-1;-1;-1;1;126;0;0;-1;-1;-1;-1;-1;-1;valid
16.996635;76;20.0.2.10;46;126;0;2;103;-1;-1;-1;-1;1;8;-1;2;126;0;0;-1;46;-1;-1;-1;-1;valid
17.168785;-1;20.0.2.10;15;126;0;0;65;7;1;1;2;1;-1;-1;-1;-1;-1;-1;-1;-1;-1;-1;-1;-1;valid
17.172372;77;20.0.20.10;4;126;0;0;86;0;-1;-1;-1;-1;-1;-1;-1;-1;-1;-1;-1;-1;-1;-1;-1;-1;valid
17.172549;77;20.0.2.10;46;126;0;0;87;-1;-1;-1;-1;-1;-1;16;-1;-1;-1;-1;-1;-1;-1;-1;-1;-1;valid
17.174048;77;20.0.20.10;4;126;0;3;93;0;-1;-1;2;-1;-1;-1;0;126;0;0;0;-1;-1;-1;-1;-1;valid
17.174218;77;20.0.2.10;46;126;0;4;94;7;1;1;2;1;-1;-1;0;126;0;0;-1;126;0;0;65;-1;valid
17.180999;77;20.0.20.10;14;126;0;2;66;-1;-1;2;-1;-1;-1;-1;1;126;0;0;-1;-1;-1;-1;-1;-1;valid
17.181284;77;20.0.2.10;46;126;0;2;67;-1;-1;-1;-1;-1;-1;-1;1;126;0;0;-1;-1;-1;-1;-1;-1;valid
17.181377;77;20.0.2.10;46;126;0;2;103;-1;-1;-1;-1;1;8;-1;2;126;0;0;-1;46;-1;-1;-1;-1;valid
17.368754;-1;20.0.2.10;15;126;0;0;65;7;1;1;2;1;-1;-1;-1;-1;-1;-1;-1;-1;-1;-1;-1;-1;valid
17.380816;78;20.0.20.10;4;126;0;0;86;0;-1;-1;-1;-1;-1;-1;-1;-1;-1;-1;-1;-1;-1;-1;-1;-1;valid
17.38099;78;20.0.2.10;46;126;0;0;87;-1;-1;-1;-1;-1;-1;16;-1;-1;-1;-1;-1;-1;-1;-1;-1;-1;valid
17.382456;78;20.0.20.10;4;126;0;3;93;0;-1;-1;2;-1;-1;-1;0;126;0;0;0;-1;-1;-1;-1;-1;valid
17.382623;78;20.0.2.10;46;126;0;4;94;7;1;1;2;1;-1;-1;0;126;0;0;-1;126;0;0;65;-1;valid
17.39411;78;20.0.20.10;14;126;0;2;66;-1;-1;2;-1;-1;-1;-1;1;126;0;0;-1;-1;-1;-1;-1;-1;valid
17.394388;78;20.0.2.10;46;126;0;2;67;-1;-1;-1;-1;-1;-1;-1;1;126;0;0;-1;-1;-1;-1;-1;-1;valid
17.394479;78;20.0.2.10;46;126;0;2;103;-1;-1;-1;-1;1;8;-1;2;126;0;0;-1;46;-1;-1;-1;-1;valid
17.568747;-1;20.0.2.10;15;126;0;0;65;7;1;1;2;1;-1;-1;-1;-1;-1;-1;-1;-1;-1;-1;-1;-1;valid
17.575942;79;20.0.20.10;4;126;0;0;86;0;-1;-1;-1;-1;-1;-1;-1;-1;-1;-1;-1;-1;-1;-1;-1;-1;valid
17.576115;79;20.0.2.10;46;126;0;0;87;-1;-1;-1;-1;-1;-1;16;-1;-1;-1;-1;-1;-1;-1;-1;-1;-1;valid
17.57742;79;20.0.20.10;4;126;0;3;93;0;-1;-1;2;-1;-1;-1;0;126;0;0;0;-1;-1;-1;-1;-1;valid
17.577585;79;20.0.2.10;46;126;0;4;94;7;1;1;2;1;-1;-1;0;126;0;0;-1;126;0;0;65;-1;valid
17.594502;79;20.0.20.10;14;126;0;2;66;-1;-1;2;-1;-1;-1;-1;1;126;0;0;-1;-1;-1;-1;-1;-1;valid
17.594832;79;20.0.2.10;46;126;0;2;67;-1;-1;-1;-1;-1;-1;-1;1;126;0;0;-1;-1;-1;-1;-1;-1;valid
17.59492;79;20.0.2.10;46;126;0;2;103;-1;-1;-1;-1;1;8;-1;2;126;0;0;-1;46;-1;-1;-1;-1;valid
17.768769;-1;20.0.2.10;15;126;0;0;65;7;1;1;2;1;-1;-1;-1;-1;-1;-1;-1;-1;-1;-1;-1;-1;valid
17.770551;80;20.0.20.10;4;126;0;0;86;0;-1;-1;-1;-1;-1;-1;-1;-1;-1;-1;-1;-1;-1;-1;-1;-1;valid
17.770748;80;20.0.2.10;46;126;0;0;87;-1;-1;-1;-1;-1;-1;16;-1;-1;-1;-1;-1;-1;-1;-1;-1;-1;valid
17.772142;80;20.0.20.10;4;126;0;3;93;0;-1;-1;2;-1;-1;-1;0;126;0;0;0;-1;-1;-1;-1;-1;valid
17.772313;80;20.0.2.10;46;126;0;4;94;7;1;1;2;1;-1;-1;0;126;0;0;-1;126;0;0;65;-1;valid
17.776775;80;20.0.20.10;14;126;0;2;66;-1;-1;2;-1;-1;-1;-1;1;126;0;0;-1;-1;-1;-1;-1;-1;valid
17.77705;80;20.0.2.10;46;126;0;2;67;-1;-1;-1;-1;-1;-1;-1;1;126;0;0;-1;-1;-1;-1;-1;-1;valid
17.777142;80;20.0.2.10;46;126;0;2;103;-1;-1;-1;-1;1;8;-1;2;126;0;0;-1;46;-1;-1;-1;-1;valid
17.968752;-1;20.0.2.10;15;126;0;0;65;7;1;1;2;1;-1;-1;-1;-1;-1;-1;-1;-1;-1;-1;-1;-1;valid
17.979569;81;20.0.20.10;4;126;0;0;86;0;-1;-1;-1;-1;-1;-1;-1;-1;-1;-1;-1;-1;-1;-1;-1;-1;valid
17.979781;81;20.0.2.10;46;126;0;0;87;-1;-1;-1;-1;-1;-1;16;-1;-1;-1;-1;-1;-1;-1;-1;-1;-1;valid
17.981258;81;20.0.20.10;4;126;0;3;93;0;-1;-1;2;-1;-1;-1;0;126;0;0;0;-1;-1;-1;-1;-1;valid
17.981471;81;20.0.2.10;46;126;0;4;94;7;1;1;2;1;-1;-1;0;126;0;0;-1;126;0;0;65;-1;valid
17.989294;81;20.0.20.10;14;126;0;2;66;-1;-1;2;-1;-1;-1;-1;1;126;0;0;-1;-1;-1;-1;-1;-1;valid
17.989568;81;20.0.2.10;46;126;0;2;67;-1;-1;-1;-1;-1;-1;-1;1;126;0;0;-1;-1;-1;-1;-1;-1;valid
17.989662;81;20.0.2.10;46;126;0;2;103;-1;-1;-1;-1;1;8;-1;2;126;0;0;-1;46;-1;-1;-1;-1;valid
18.168774;-1;20.0.2.10;15;126;0;0;65;7;1;1;2;1;-1;-1;-1;-1;-1;-1;-1;-1;-1;-1;-1;-1;valid
18.186832;82;20.0.20.10;4;126;0;0;86;0;-1;-1;-1;-1;-1;-1;-1;-1;-1;-1;-1;-1;-1;-1;-1;-1;valid
18.187004;82;20.0.2.10;46;126;0;0;87;-1;-1;-1;-1;-1;-1;16;-1;-1;-1;-1;-1;-1;-1;-1;-1;-1;valid
18.188383;82;20.0.20.10;4;126;0;3;93;0;-1;-1;2;-1;-1;-1;0;126;0;0;0;-1;-1;-1;-1;-1;valid
18.188547;82;20.0.2.10;46;126;0;4;94;7;1;1;2;1;-1;-1;0;126;0;0;-1;126;0;0;65;-1;valid
18.201617;82;20.0.20.10;14;126;0;2;66;-1;-1;2;-1;-1;-1;-1;1;126;0;0;-1;-1;-1;-1;-1;-1;valid
18.201983;82;20.0.2.10;46;126;0;2;67;-1;-1;-1;-1;-1;-1;-1;1;126;0;0;-1;-1;-1;-1;-1;-1;valid
18.202088;82;20.0.2.10;46;126;0;2;103;-1;-1;-1;-1;1;8;-1;2;126;0;0;-1;46;-1;-1;-1;-1;valid
18.368815;-1;20.0.2.10;15;126;0;0;65;7;1;1;2;1;-1;-1;-1;-1;-1;-1;-1;-1;-1;-1;-1;-1;valid
18.383713;83;20.0.20.10;4;126;0;0;86;0;-1;-1;-1;-1;-1;-1;-1;-1;-1;-1;-1;-1;-1;-1;-1;-1;valid
18.383946;83;20.0.2.10;46;126;0;0;87;-1;-1;-1;-1;-1;-1;16;-1;-1;-1;-1;-1;-1;-1;-1;-1;-1;valid
18.385257;83;20.0.20.10;4;126;0;3;93;0;-1;-1;2;-1;-1;-1;0;126;0;0;0;-1;-1;-1;-1;-1;valid
18.385421;83;20.0.2.10;46;126;0;4;94;7;1;1;2;1;-1;-1;0;126;0;0;-1;126;0;0;65;-1;valid
18.40142;83;20.0.20.10;14;126;0;2;66;-1;-1;2;-1;-1;-1;-1;1;126;0;0;-1;-1;-1;-1;-1;-1;valid
18.401751;83;20.0.2.10;46;126;0;2;67;-1;-1;-1;-1;-1;-1;-1;1;126;0;0;-1;-1;-1;-1;-1;-1;valid
18.401854;83;20.0.2.10;46;126;0;2;103;-1;-1;-1;-1;1;8;-1;2;126;0;0;-1;46;-1;-1;-1;-1;valid
18.568858;-1;20.0.2.10;15;126;0;0;65;7;1;1;2;1;-1;-1;-1;-1;-1;-1;-1;-1;-1;-1;-1;-1;valid
18.587974;84;20.0.20.10;4;126;0;0;86;0;-1;-1;-1;-1;-1;-1;-1;-1;-1;-1;-1;-1;-1;-1;-1;-1;valid
18.588152;84;20.0.2.10;46;126;0;0;87;-1;-1;-1;-1;-1;-1;16;-1;-1;-1;-1;-1;-1;-1;-1;-1;-1;valid
18.589481;84;20.0.20.10;4;126;0;3;93;0;-1;-1;2;-1;-1;-1;0;126;0;0;0;-1;-1;-1;-1;-1;valid
18.589648;84;20.0.2.10;46;126;0;4;94;7;1;1;2;1;-1;-1;0;126;0;0;-1;126;0;0;65;-1;valid
18.607845;84;20.0.20.10;14;126;0;2;66;-1;-1;2;-1;-1;-1;-1;1;126;0;0;-1;-1;-1;-1;-1;-1;valid
18.608169;84;20.0.2.10;46;126;0;2;67;-1;-1;-1;-1;-1;-1;-1;1;126;0;0;-1;-1;-1;-1;-1;-1;valid
18.608264;84;20.0.2.10;46;126;0;2;103;-1;-1;-1;-1;1;8;-1;2;126;0;0;-1;46;-1;-1;-1;-1;valid
18.768757;-1;20.0.2.10;15;126;0;0;65;7;1;1;2;1;-1;-1;-1;-1;-1;-1;-1;-1;-1;-1;-1;-1;valid
18.787368;85;20.0.20.10;4;126;0;0;86;0;-1;-1;-1;-1;-1;-1;-1;-1;-1;-1;-1;-1;-1;-1;-1;-1;valid
18.78754;85;20.0.2.10;46;126;0;0;87;-1;-1;-1;-1;-1;-1;16;-1;-1;-1;-1;-1;-1;-1;-1;-1;-1;valid
18.788912;85;20.0.20.10;4;126;0;3;93;0;-1;-1;2;-1;-1;-1;0;126;0;0;0;-1;-1;-1;-1;-1;valid
18.78908;85;20.0.2.10;46;126;0;4;94;7;1;1;2;1;-1;-1;0;126;0;0;-1;126;0;0;65;-1;valid
18.801491;85;20.0.20.10;14;126;0;2;66;-1;-1;2;-1;-1;-1;-1;1;126;0;0;-1;-1;-1;-1;-1;-1;valid
18.80183;85;20.0.2.10;46;126;0;2;67;-1;-1;-1;-1;-1;-1;-1;1;126;0;0;-1;-1;-1;-1;-1;-1;valid
18.801946;85;20.0.2.10;46;126;0;2;103;-1;-1;-1;-1;1;8;-1;2;126;0;0;-1;46;-1;-1;-1;-1;valid
18.96875;-1;20.0.2.10;15;126;0;0;65;7;1;1;2;1;-1;-1;-1;-1;-1;-1;-1;-1;-1;-1;-1;-1;valid
18.972757;86;20.0.20.10;4;126;0;0;86;0;-1;-1;-1;-1;-1;-1;-1;-1;-1;-1;-1;-1;-1;-1;-1;-1;valid
18.972923;86;20.0.2.10;46;126;0;0;87;-1;-1;-1;-1;-1;-1;16;-1;-1;-1;-1;-1;-1;-1;-1;-1;-1;valid
18.974246;86;20.0.20.10;4;126;0;3;93;0;-1;-1;2;-1;-1;-1;0;126;0;0;0;-1;-1;-1;-1;-1;valid
18.974412;86;20.0.2.10;46;126;0;4;94;7;1;1;2;1;-1;-1;0;126;0;0;-1;126;0;0;65;-1;valid
18.98889;86;20.0.20.10;14;126;0;2;66;-1;-1;2;-1;-1;-1;-1;1;126;0;0;-1;-1;-1;-1;-1;-1;valid
18.989167;86;20.0.2.10;46;126;0;2;67;-1;-1;-1;-1;-1;-1;-1;1;126;0;0;-1;-1;-1;-1;-1;-1;valid
18.989258;86;20.0.2.10;46;126;0;2;103;-1;-1;-1;-1;1;8;-1;2;126;0;0;-1;46;-1;-1;-1;-1;valid
19.168782;-1;20.0.2.10;15;126;0;0;65;7;1;1;2;1;-1;-1;-1;-1;-1;-1;-1;-1;-1;-1;-1;-1;valid
19.189924;87;20.0.20.10;4;126;0;0;86;0;-1;-1;-1;-1;-1;-1;-1;-1;-1;-1;-1;-1;-1;-1;-1;-1;valid
19.190098;87;20.0.2.10;46;126;0;0;87;-1;-1;-1;-1;-1;-1;16;-1;-1;-1;-1;-1;-1;-1;-1;-1;-1;valid
19.191337;87;20.0.20.10;4;126;0;3;93;0;-1;-1;2;-1;-1;-1;0;126;0;0;0;-1;-1;-1;-1;-1;valid
19.191498;87;20.0.2.10;46;126;0;4;94;7;1;1;2;1;-1;-1;0;126;0;0;-1;126;0;0;65;-1;valid
19.207742;87;20.0.20.10;14;126;0;2;66;-1;-1;2;-1;-1;-1;-1;1;126;0;0;-1;-1;-1;-1;-1;-1;valid
19.20807;87;20.0.2.10;46;126;0;2;67;-1;-1;-1;-1;-1;-1;-1;1;126;0;0;-1;-1;-1;-1;-1;-1;valid
19.20816;87;20.0.2.10;46;126;0;2;103;-1;-1;-1;-1;1;8;-1;2;126;0;0;-1;46;-1;-1;-1;-1;valid
19.36877;-1;20.0.2.10;15;126;0;0;65;7;1;1;2;1;-1;-1;-1;-1;-1;-1;-1;-1;-1;-1;-1;-1;valid
19.370557;88;20.0.20.10;4;126;0;0;86;0;-1;-1;-1;-1;-1;-1;-1;-1;-1;-1;-1;-1;-1;-1;-1;-1;valid
19.370753;88;20.0.2.10;46;126;0;0;87;-1;-1;-1;-1;-1;-1;16;-1;-1;-1;-1;-1;-1;-1;-1;-1;-1;valid
19.371997;88;20.0.20.10;4;126;0;3;93;0;-1;-1;2;-1;-1;-1;0;126;0;0;0;-1;-1;-1;-1;-1;valid
19.372157;88;20.0.2.10;46;126;0;4;94;7;1;1;2;1;-1;-1;0;126;0;0;-1;126;0;0;65;-1;valid
19.37717;88;20.0.20.10;14;126;0;2;66;-1;-1;2;-1;-1;-1;-1;1;126;0;0;-1;-1;-1;-1;-1;-1;valid
19.377442;88;20.0.2.10;46;126;0;2;67;-1;-1;-1;-1;-1;-1;-1;1;126;0;0;-1;-1;-1;-1;-1;-1;valid
19.377535;88;20.0.2.10;46;126;0;2;103;-1;-1;-1;-1;1;8;-1;2;126;0;0;-1;46;-1;-1;-1;-1;valid
19.568753;-1;20.0.2.10;15;126;0;0;65;7;1;1;2;1;-1;-1;-1;-1;-1;-1;-1;-1;-1;-1;-1;-1;valid
19.573348;89;20.0.20.10;4;126;0;0;86;0;-1;-1;-1;-1;-1;-1;-1;-1;-1;-1;-1;-1;-1;-1;-1;-1;valid
19.573516;89;20.0.2.10;46;126;0;0;87;-1;-1;-1;-1;-1;-1;16;-1;-1;-1;-1;-1;-1;-1;-1;-1;-1;valid
19.574779;89;20.0.20.10;4;126;0;3;93;0;-1;-1;2;-1;-1;-1;0;126;0;0;0;-1;-1;-1;-1;-1;valid
19.574941;89;20.0.2.10;46;126;0;4;94;7;1;1;2;1;-1;-1;0;126;0;0;-1;126;0;0;65;-1;valid
19.587302;89;20.0.20.10;14;126;0;2;66;-1;-1;2;-1;-1;-1;-1;1;126;0;0;-1;-1;-1;-1;-1;-1;valid
19.587591;89;20.0.2.10;46;126;0;2;67;-1;-1;-1;-1;-1;-1;-1;1;126;0;0;-1;-1;-1;-1;-1;-1;valid
19.587685;89;20.0.2.10;46;126;0;2;103;-1;-1;-1;-1;1;8;-1;2;126;0;0;-1;46;-1;-1;-1;-1;valid
19.768752;-1;20.0.2.10;15;126;0;0;65;7;1;1;2;1;-1;-1;-1;-1;-1;-1;-1;-1;-1;-1;-1;-1;valid
19.770311;90;20.0.20.10;4;126;0;0;86;0;-1;-1;-1;-1;-1;-1;-1;-1;-1;-1;-1;-1;-1;-1;-1;-1;valid
19.77049;90;20.0.2.10;46;126;0;0;87;-1;-1;-1;-1;-1;-1;16;-1;-1;-1;-1;-1;-1;-1;-1;-1;-1;valid
19.771719;90;20.0.20.10;4;126;0;3;93;0;-1;-1;2;-1;-1;-1;0;126;0;0;0;-1;-1;-1;-1;-1;valid
19.771923;90;20.0.2.10;46;126;0;4;94;7;1;1;2;1;-1;-1;0;126;0;0;-1;126;0;0;65;-1;valid
19.794584;90;20.0.20.10;14;126;0;2;66;-1;-1;2;-1;-1;-1;-1;1;126;0;0;-1;-1;-1;-1;-1;-1;valid
19.794885;90;20.0.2.10;46;126;0;2;67;-1;-1;-1;-1;-1;-1;-1;1;126;0;0;-1;-1;-1;-1;-1;-1;valid
19.794979;90;20.0.2.10;46;126;0;2;103;-1;-1;-1;-1;1;8;-1;2;126;0;0;-1;46;-1;-1;-1;-1;valid
19.96875;-1;20.0.2.10;15;126;0;0;65;7;1;1;2;1;-1;-1;-1;-1;-1;-1;-1;-1;-1;-1;-1;-1;valid
19.975522;91;20.0.20.10;4;126;0;0;86;0;-1;-1;-1;-1;-1;-1;-1;-1;-1;-1;-1;-1;-1;-1;-1;-1;valid
19.975686;91;20.0.2.10;46;126;0;0;87;-1;-1;-1;-1;-1;-1;16;-1;-1;-1;-1;-1;-1;-1;-1;-1;-1;valid
19.977001;91;20.0.20.10;4;126;0;3;93;0;-1;-1;2;-1;-1;-1;0;126;0;0;0;-1;-1;-1;-1;-1;valid
19.977163;91;20.0.2.10;46;126;0;4;94;7;1;1;2;1;-1;-1;0;126;0;0;-1;126;0;0;65;-1;valid
19.995923;91;20.0.20.10;14;126;0;2;66;-1;-1;2;-1;-1;-1;-1;1;126;0;0;-1;-1;-1;-1;-1;-1;valid
19.996201;91;20.0.2.10;46;126;0;2;67;-1;-1;-1;-1;-1;-1;-1;1;126;0;0;-1;-1;-1;-1;-1;-1;valid
19.996289;91;20.0.2.10;46;126;0;2;103;-1;-1;-1;-1;1;8;-1;2;126;0;0;-1;46;-1;-1;-1;-1;valid
20.168753;-1;20.0.2.10;15;126;0;0;65;7;1;1;2;1;-1;-1;-1;-1;-1;-1;-1;-1;-1;-1;-1;-1;valid
20.17028;92;20.0.20.10;4;126;0;0;86;0;-1;-1;-1;-1;-1;-1;-1;-1;-1;-1;-1;-1;-1;-1;-1;-1;valid
20.170439;92;20.0.2.10;46;126;0;0;87;-1;-1;-1;-1;-1;-1;16;-1;-1;-1;-1;-1;-1;-1;-1;-1;-1;valid
20.171721;92;20.0.20.10;4;126;0;3;93;0;-1;-1;2;-1;-1;-1;0;126;0;0;0;-1;-1;-1;-1;-1;valid
20.171921;92;20.0.2.10;46;126;0;4;94;7;1;1;2;1;-1;-1;0;126;0;0;-1;126;0;0;65;-1;valid
20.176127;92;20.0.20.10;14;126;0;2;66;-1;-1;2;-1;-1;-1;-1;1;126;0;0;-1;-1;-1;-1;-1;-1;valid
20.176401;92;20.0.2.10;46;126;0;2;67;-1;-1;-1;-1;-1;-1;-1;1;126;0;0;-1;-1;-1;-1;-1;-1;valid
20.17649;92;20.0.2.10;46;126;0;2;103;-1;-1;-1;-1;1;8;-1;2;126;0;0;-1;46;-1;-1;-1;-1;valid
20.368816;-1;20.0.2.10;15;126;0;0;65;7;1;1;2;1;-1;-1;-1;-1;-1;-1;-1;-1;-1;-1;-1;-1;valid
20.379124;93;20.0.20.10;4;126;0;0;86;0;-1;-1;-1;-1;-1;-1;-1;-1;-1;-1;-1;-1;-1;-1;-1;-1;valid
20.379294;93;20.0.2.10;46;126;0;0;87;-1;-1;-1;-1;-1;-1;16;-1;-1;-1;-1;-1;-1;-1;-1;-1;-1;valid
20.380651;93;20.0.20.10;4;126;0;3;93;0;-1;-1;2;-1;-1;-1;0;126;0;0;0;-1;-1;-1;-1;-1;valid
20.380862;93;20.0.2.10;46;126;0;4;94;7;1;1;2;1;-1;-1;0;126;0;0;-1;126;0;0;65;-1;valid
20.394377;93;20.0.20.10;14;126;0;2;66;-1;-1;2;-1;-1;-1;-1;1;126;0;0;-1;-1;-1;-1;-1;-1;valid
20.394654;93;20.0.2.10;46;126;0;2;67;-1;-1;-1;-1;-1;-1;-1;1;126;0;0;-1;-1;-1;-1;-1;-1;valid
20.394785;93;20.0.2.10;46;126;0;2;103;-1;-1;-1;-1;1;8;-1;2;126;0;0;-1;46;-1;-1;-1;-1;valid
20.568771;-1;20.0.2.10;15;126;0;0;65;7;1;1;2;1;-1;-1;-1;-1;-1;-1;-1;-1;-1;-1;-1;-1;valid
20.570353;94;20.0.20.10;4;126;0;0;86;0;-1;-1;-1;-1;-1;-1;-1;-1;-1;-1;-1;-1;-1;-1;-1;-1;valid
20.570515;94;20.0.2.10;46;126;0;0;87;-1;-1;-1;-1;-1;-1;16;-1;-1;-1;-1;-1;-1;-1;-1;-1;-1;valid
20.571948;94;20.0.20.10;4;126;0;3;93;0;-1;-1;2;-1;-1;-1;0;126;0;0;0;-1;-1;-1;-1;-1;valid
20.572156;94;20.0.2.10;46;126;0;4;94;7;1;1;2;1;-1;-1;0;126;0;0;-1;126;0;0;65;-1;valid
20.58057;94;20.0.20.10;14;126;0;2;66;-1;-1;2;-1;-1;-1;-1;1;126;0;0;-1;-1;-1;-1;-1;-1;valid
20.580878;94;20.0.2.10;46;126;0;2;67;-1;-1;-1;-1;-1;-1;-1;1;126;0;0;-1;-1;-1;-1;-1;-1;valid
20.580974;94;20.0.2.10;46;126;0;2;103;-1;-1;-1;-1;1;8;-1;2;126;0;0;-1;46;-1;-1;-1;-1;valid
20.768763;-1;20.0.2.10;15;126;0;0;65;7;1;1;2;1;-1;-1;-1;-1;-1;-1;-1;-1;-1;-1;-1;-1;valid
20.781611;95;20.0.20.10;4;126;0;0;86;0;-1;-1;-1;-1;-1;-1;-1;-1;-1;-1;-1;-1;-1;-1;-1;-1;valid
20.781827;95;20.0.2.10;46;126;0;0;87;-1;-1;-1;-1;-1;-1;16;-1;-1;-1;-1;-1;-1;-1;-1;-1;-1;valid
20.783176;95;20.0.20.10;4;126;0;3;93;0;-1;-1;2;-1;-1;-1;0;126;0;0;0;-1;-1;-1;-1;-1;valid
20.783336;95;20.0.2.10;46;126;0;4;94;7;1;1;2;1;-1;-1;0;126;0;0;-1;126;0;0;65;-1;valid
20.803276;95;20.0.20.10;14;126;0;2;66;-1;-1;2;-1;-1;-1;-1;1;126;0;0;-1;-1;-1;-1;-1;-1;valid
20.803556;95;20.0.2.10;46;126;0;2;67;-1;-1;-1;-1;-1;-1;-1;1;126;0;0;-1;-1;-1;-1;-1;-1;valid
20.803649;95;20.0.2.10;46;126;0;2;103;-1;-1;-1;-1;1;8;-1;2;126;0;0;-1;46;-1;-1;-1;-1;valid
20.968881;-1;20.0.2.10;15;126;0;0;65;7;1;1;2;1;-1;-1;-1;-1;-1;-1;-1;-1;-1;-1;-1;-1;valid
20.970794;96;20.0.20.10;4;126;0;0;86;0;-1;-1;-1;-1;-1;-1;-1;-1;-1;-1;-1;-1;-1;-1;-1;-1;valid
20.970962;96;20.0.2.10;46;126;0;0;87;-1;-1;-1;-1;-1;-1;16;-1;-1;-1;-1;-1;-1;-1;-1;-1;-1;valid
20.972336;96;20.0.20.10;4;126;0;3;93;0;-1;-1;2;-1;-1;-1;0;126;0;0;0;-1;-1;-1;-1;-1;valid
20.972505;96;20.0.2.10;46;126;0;4;94;7;1;1;2;1;-1;-1;0;126;0;0;-1;126;0;0;65;-1;valid
20.97769;96;20.0.20.10;14;126;0;2;66;-1;-1;2;-1;-1;-1;-1;1;126;0;0;-1;-1;-1;-1;-1;-1;valid
20.978013;96;20.0.2.10;46;126;0;2;67;-1;-1;-1;-1;-1;-1;-1;1;126;0;0;-1;-1;-1;-1;-1;-1;valid
20.978105;96;20.0.2.10;46;126;0;2;103;-1;-1;-1;-1;1;8;-1;2;126;0;0;-1;46;-1;-1;-1;-1;valid
21.16882;-1;20.0.2.10;15;126;0;0;65;7;1;1;2;1;-1;-1;-1;-1;-1;-1;-1;-1;-1;-1;-1;-1;valid
21.18529;97;20.0.20.10;4;126;0;0;86;0;-1;-1;-1;-1;-1;-1;-1;-1;-1;-1;-1;-1;-1;-1;-1;-1;valid
21.185468;97;20.0.2.10;46;126;0;0;87;-1;-1;-1;-1;-1;-1;16;-1;-1;-1;-1;-1;-1;-1;-1;-1;-1;valid
21.186884;97;20.0.20.10;4;126;0;3;93;0;-1;-1;2;-1;-1;-1;0;126;0;0;0;-1;-1;-1;-1;-1;valid
21.187047;97;20.0.2.10;46;126;0;4;94;7;1;1;2;1;-1;-1;0;126;0;0;-1;126;0;0;65;-1;valid
21.20523;97;20.0.20.10;14;126;0;2;66;-1;-1;2;-1;-1;-1;-1;1;126;0;0;-1;-1;-1;-1;-1;-1;valid
21.205509;97;20.0.2.10;46;126;0;2;67;-1;-1;-1;-1;-1;-1;-1;1;126;0;0;-1;-1;-1;-1;-1;-1;valid
21.205605;97;20.0.2.10;46;126;0;2;103;-1;-1;-1;-1;1;8;-1;2;126;0;0;-1;46;-1;-1;-1;-1;valid
21.368748;-1;20.0.2.10;15;126;0;0;65;7;1;1;2;1;-1;-1;-1;-1;-1;-1;-1;-1;-1;-1;-1;-1;valid
21.388464;98;20.0.20.10;4;126;0;0;86;0;-1;-1;-1;-1;-1;-1;-1;-1;-1;-1;-1;-1;-1;-1;-1;-1;valid
21.388629;98;20.0.2.10;46;126;0;0;87;-1;-1;-1;-1;-1;-1;16;-1;-1;-1;-1;-1;-1;-1;-1;-1;-1;valid
21.389931;98;20.0.20.10;4;126;0;3;93;0;-1;-1;2;-1;-1;-1;0;126;0;0;0;-1;-1;-1;-1;-1;valid
21.390095;98;20.0.2.10;46;126;0;4;94;7;1;1;2;1;-1;-1;0;126;0;0;-1;126;0;0;65;-1;valid
21.407061;98;20.0.20.10;14;126;0;2;66;-1;-1;2;-1;-1;-1;-1;1;126;0;0;-1;-1;-1;-1;-1;-1;valid
21.407941;98;20.0.2.10;46;126;0;2;67;-1;-1;-1;-1;-1;-1;-1;1;126;0;0;-1;-1;-1;-1;-1;-1;valid
21.408037;98;20.0.2.10;46;126;0;2;103;-1;-1;-1;-1;1;8;-1;2;126;0;0;-1;46;-1;-1;-1;-1;valid
21.568748;-1;20.0.2.10;15;126;0;0;65;7;1;1;2;1;-1;-1;-1;-1;-1;-1;-1;-1;-1;-1;-1;-1;valid
21.589404;99;20.0.20.10;4;126;0;0;86;0;-1;-1;-1;-1;-1;-1;-1;-1;-1;-1;-1;-1;-1;-1;-1;-1;valid
21.589569;99;20.0.2.10;46;126;0;0;87;-1;-1;-1;-1;-1;-1;16;-1;-1;-1;-1;-1;-1;-1;-1;-1;-1;valid
21.591084;99;20.0.20.10;4;126;0;3;93;0;-1;-1;2;-1;-1;-1;0;126;0;0;0;-1;-1;-1;-1;-1;valid
21.591248;99;20.0.2.10;46;126;0;4;94;7;1;1;2;1;-1;-1;0;126;0;0;-1;126;0;0;65;-1;valid
21.612189;99;20.0.20.10;14;126;0;2;66;-1;-1;2;-1;-1;-1;-1;1;126;0;0;-1;-1;-1;-1;-1;-1;valid
21.61246;99;20.0.2.10;46;126;0;2;67;-1;-1;-1;-1;-1;-1;-1;1;126;0;0;-1;-1;-1;-1;-1;-1;valid
21.612552;99;20.0.2.10;46;126;0;2;103;-1;-1;-1;-1;1;8;-1;2;126;0;0;-1;46;-1;-1;-1;-1;valid
